Postcode,Latitude,Longitude,LSOA Code,LSOA Name
EH1 1AD,55.948894,-3.192590,S01008674,"Old Town, Princes Street and Leith Street - 01"
EH1 1AE,55.949069,-3.189409,S01008678,"Old Town, Princes Street and Leith Street - 05"
EH1 1AG,55.947170,-3.189735,S01008678,"Old Town, Princes Street and Leith Street - 05"
EH1 1BB,55.951957,-3.189945,S01008676,"Old Town, Princes Street and Leith Street - 03"
EH1 1BE,55.951957,-3.189945,S01008676,"Old Town, Princes Street and Leith Street - 03"
EH1 1BL,55.950646,-3.191731,S01008677,"Old Town, Princes Street and Leith Street - 04"
EH1 1BN,55.950778,-3.190150,S01008677,"Old Town, Princes Street and Leith Street - 04"
EH1 1BP,55.950732,-3.190276,S01008677,"Old Town, Princes Street and Leith Street - 04"
EH1 1BQ,55.952627,-3.191295,S01008677,"Old Town, Princes Street and Leith Street - 04"
EH1 1BS,55.950716,-3.189139,S01008677,"Old Town, Princes Street and Leith Street - 04"
EH1 1BU,55.950587,-3.188494,S01008677,"Old Town, Princes Street and Leith Street - 04"
EH1 1BX,55.950871,-3.188887,S01008677,"Old Town, Princes Street and Leith Street - 04"
EH1 1DD,55.949585,-3.187102,S01008679,"Old Town, Princes Street and Leith Street - 06"
EH1 1DE,55.951133,-3.188751,S01008677,"Old Town, Princes Street and Leith Street - 04"
EH1 1DF,55.951228,-3.189987,S01008677,"Old Town, Princes Street and Leith Street - 04"
EH1 1DH,55.951182,-3.185454,S01008677,"Old Town, Princes Street and Leith Street - 04"
EH1 1DR,55.950929,-3.184693,S01008677,"Old Town, Princes Street and Leith Street - 04"
EH1 1DT,55.950988,-3.184167,S01008677,"Old Town, Princes Street and Leith Street - 04"
EH1 1EE,55.947964,-3.192113,S01008674,"Old Town, Princes Street and Leith Street - 01"
EH1 1EG,55.948446,-3.192512,S01008674,"Old Town, Princes Street and Leith Street - 01"
EH1 1EJ,55.947997,-3.191537,S01008674,"Old Town, Princes Street and Leith Street - 01"
EH1 1EL,55.947515,-3.191218,S01008678,"Old Town, Princes Street and Leith Street - 05"
EH1 1EN,55.947492,-3.191714,S01008678,"Old Town, Princes Street and Leith Street - 05"
EH1 1EY,55.946527,-3.190179,S01008678,"Old Town, Princes Street and Leith Street - 05"
EH1 1EZ,55.945884,-3.189839,S01008678,"Old Town, Princes Street and Leith Street - 05"
EH1 1HA,55.945884,-3.189839,S01008678,"Old Town, Princes Street and Leith Street - 05"
EH1 1HB,55.946113,-3.189334,S01008678,"Old Town, Princes Street and Leith Street - 05"
EH1 1HD,55.946565,-3.189124,S01008678,"Old Town, Princes Street and Leith Street - 05"
EH1 1HE,55.946495,-3.188929,S01008678,"Old Town, Princes Street and Leith Street - 05"
EH1 1HJ,55.948468,-3.187420,S01008679,"Old Town, Princes Street and Leith Street - 06"
EH1 1HN,55.948902,-3.187114,S01008679,"Old Town, Princes Street and Leith Street - 06"
EH1 1HR,55.948165,-3.187123,S01008679,"Old Town, Princes Street and Leith Street - 06"
EH1 1HT,55.947994,-3.188111,S01008678,"Old Town, Princes Street and Leith Street - 05"
EH1 1HU,55.947401,-3.190847,S01008678,"Old Town, Princes Street and Leith Street - 05"
EH1 1JF,55.947170,-3.189735,S01008678,"Old Town, Princes Street and Leith Street - 05"
EH1 1JG,55.948262,-3.188231,S01008678,"Old Town, Princes Street and Leith Street - 05"
EH1 1JH,55.948485,-3.188398,S01008678,"Old Town, Princes Street and Leith Street - 05"
EH1 1JJ,55.948748,-3.188134,S01008678,"Old Town, Princes Street and Leith Street - 05"
EH1 1JN,55.948528,-3.190513,S01008678,"Old Town, Princes Street and Leith Street - 05"
EH1 1JQ,55.948604,-3.187313,S01008679,"Old Town, Princes Street and Leith Street - 06"
EH1 1JR,55.947979,-3.192498,S01008674,"Old Town, Princes Street and Leith Street - 01"
EH1 1JS,55.948414,-3.189292,S01008678,"Old Town, Princes Street and Leith Street - 05"
EH1 1JT,55.948386,-3.189388,S01008678,"Old Town, Princes Street and Leith Street - 05"
EH1 1JU,55.947939,-3.193809,S01008674,"Old Town, Princes Street and Leith Street - 01"
EH1 1JW,55.948194,-3.191591,S01008678,"Old Town, Princes Street and Leith Street - 05"
EH1 1JX,55.948166,-3.192599,S01008674,"Old Town, Princes Street and Leith Street - 01"
EH1 1JY,55.947705,-3.193818,S01008674,"Old Town, Princes Street and Leith Street - 01"
EH1 1JZ,55.947905,-3.188973,S01008678,"Old Town, Princes Street and Leith Street - 05"
EH1 1LA,55.947915,-3.190750,S01008674,"Old Town, Princes Street and Leith Street - 01"
EH1 1LB,55.947915,-3.190750,S01008674,"Old Town, Princes Street and Leith Street - 01"
EH1 1LD,55.947915,-3.190750,S01008674,"Old Town, Princes Street and Leith Street - 01"
EH1 1LG,55.949282,-3.186853,S01008679,"Old Town, Princes Street and Leith Street - 06"
EH1 1LL,55.948897,-3.186697,S01008679,"Old Town, Princes Street and Leith Street - 06"
EH1 1LS,55.947842,-3.186168,S01008679,"Old Town, Princes Street and Leith Street - 06"
EH1 1LT,55.948084,-3.185279,S01008679,"Old Town, Princes Street and Leith Street - 06"
EH1 1LU,55.948189,-3.184674,S01008679,"Old Town, Princes Street and Leith Street - 06"
EH1 1LY,55.948771,-3.185812,S01008679,"Old Town, Princes Street and Leith Street - 06"
EH1 1LZ,55.948964,-3.184441,S01008679,"Old Town, Princes Street and Leith Street - 06"
EH1 1NA,55.948992,-3.184298,S01008679,"Old Town, Princes Street and Leith Street - 06"
EH1 1NB,55.949653,-3.185631,S01008679,"Old Town, Princes Street and Leith Street - 06"
EH1 1ND,55.950108,-3.191538,S01008675,"Old Town, Princes Street and Leith Street - 02"
EH1 1NE,55.949274,-3.185860,S01008679,"Old Town, Princes Street and Leith Street - 06"
EH1 1NL,55.949649,-3.185103,S01008679,"Old Town, Princes Street and Leith Street - 06"
EH1 1NP,55.948386,-3.185673,S01008679,"Old Town, Princes Street and Leith Street - 06"
EH1 1NQ,55.948830,-3.187159,S01008679,"Old Town, Princes Street and Leith Street - 06"
EH1 1NS,55.948415,-3.186378,S01008679,"Old Town, Princes Street and Leith Street - 06"
EH1 1NU,55.949649,-3.185103,S01008679,"Old Town, Princes Street and Leith Street - 06"
EH1 1NW,55.949766,-3.191608,S01008675,"Old Town, Princes Street and Leith Street - 02"
EH1 1NY,55.950476,-3.189724,S01008677,"Old Town, Princes Street and Leith Street - 04"
EH1 1PB,55.950473,-3.189131,S01008677,"Old Town, Princes Street and Leith Street - 04"
EH1 1PD,55.950294,-3.188085,S01008677,"Old Town, Princes Street and Leith Street - 04"
EH1 1PE,55.950169,-3.189026,S01008677,"Old Town, Princes Street and Leith Street - 04"
EH1 1PG,55.950108,-3.190673,S01008677,"Old Town, Princes Street and Leith Street - 04"
EH1 1PL,55.950317,-3.190360,S01008677,"Old Town, Princes Street and Leith Street - 04"
EH1 1PN,55.949935,-3.190860,S01008675,"Old Town, Princes Street and Leith Street - 02"
EH1 1PQ,55.949921,-3.191436,S01008675,"Old Town, Princes Street and Leith Street - 02"
EH1 1PS,55.949967,-3.191246,S01008675,"Old Town, Princes Street and Leith Street - 02"
EH1 1PT,55.949836,-3.191850,S01008675,"Old Town, Princes Street and Leith Street - 02"
EH1 1PW,55.949856,-3.191578,S01008675,"Old Town, Princes Street and Leith Street - 02"
EH1 1PX,55.950367,-3.188952,S01008677,"Old Town, Princes Street and Leith Street - 04"
EH1 1PZ,55.950261,-3.188740,S01008677,"Old Town, Princes Street and Leith Street - 04"
EH1 1QA,55.950244,-3.188612,S01008677,"Old Town, Princes Street and Leith Street - 04"
EH1 1QB,55.951159,-3.190642,S01008677,"Old Town, Princes Street and Leith Street - 04"
EH1 1QG,55.950913,-3.188216,S01008677,"Old Town, Princes Street and Leith Street - 04"
EH1 1QL,55.950589,-3.188238,S01008677,"Old Town, Princes Street and Leith Street - 04"
EH1 1QN,55.950465,-3.188058,S01008677,"Old Town, Princes Street and Leith Street - 04"
EH1 1QQ,55.949785,-3.188710,S01008678,"Old Town, Princes Street and Leith Street - 05"
EH1 1QR,55.949094,-3.187760,S01008678,"Old Town, Princes Street and Leith Street - 05"
EH1 1QS,55.949785,-3.188710,S01008678,"Old Town, Princes Street and Leith Street - 05"
EH1 1QT,55.949716,-3.188452,S01008679,"Old Town, Princes Street and Leith Street - 06"
EH1 1QU,55.949757,-3.188805,S01008678,"Old Town, Princes Street and Leith Street - 05"
EH1 1QW,55.949611,-3.188096,S01008679,"Old Town, Princes Street and Leith Street - 06"
EH1 1QX,55.949725,-3.189413,S01008678,"Old Town, Princes Street and Leith Street - 05"
EH1 1QY,55.949276,-3.188390,S01008678,"Old Town, Princes Street and Leith Street - 05"
EH1 1RB,55.949237,-3.189702,S01008678,"Old Town, Princes Street and Leith Street - 05"
EH1 1RD,55.949429,-3.189291,S01008678,"Old Town, Princes Street and Leith Street - 05"
EH1 1RE,55.949575,-3.190897,S01008678,"Old Town, Princes Street and Leith Street - 05"
EH1 1RF,55.949505,-3.189854,S01008678,"Old Town, Princes Street and Leith Street - 05"
EH1 1RN,55.949256,-3.192313,S01008674,"Old Town, Princes Street and Leith Street - 01"
EH1 1RP,55.948695,-3.188997,S01008678,"Old Town, Princes Street and Leith Street - 05"
EH1 1RQ,55.948934,-3.190285,S01008678,"Old Town, Princes Street and Leith Street - 05"
EH1 1RR,55.949097,-3.188353,S01008678,"Old Town, Princes Street and Leith Street - 05"
EH1 1RT,55.949362,-3.188809,S01008678,"Old Town, Princes Street and Leith Street - 05"
EH1 1RW,55.949683,-3.189940,S01008678,"Old Town, Princes Street and Leith Street - 05"
EH1 1RZ,55.943214,-3.232955,S01008874,Deans Village - 07
EH1 1SB,55.950786,-3.187379,S01008677,"Old Town, Princes Street and Leith Street - 04"
EH1 1SG,55.950544,-3.186411,S01008677,"Old Town, Princes Street and Leith Street - 04"
EH1 1SJ,55.950664,-3.187023,S01008677,"Old Town, Princes Street and Leith Street - 04"
EH1 1SP,55.950637,-3.186094,S01008677,"Old Town, Princes Street and Leith Street - 04"
EH1 1SR,55.950675,-3.184926,S01008677,"Old Town, Princes Street and Leith Street - 04"
EH1 1SS,55.950693,-3.185839,S01008677,"Old Town, Princes Street and Leith Street - 04"
EH1 1SU,55.950364,-3.183619,S01008679,"Old Town, Princes Street and Leith Street - 06"
EH1 1SW,55.950581,-3.186332,S01008677,"Old Town, Princes Street and Leith Street - 04"
EH1 1SX,55.949614,-3.183100,S01008679,"Old Town, Princes Street and Leith Street - 06"
EH1 1SY,55.949954,-3.183334,S01008679,"Old Town, Princes Street and Leith Street - 06"
EH1 1TA,55.950305,-3.184226,S01008679,"Old Town, Princes Street and Leith Street - 06"
EH1 1TB,55.950328,-3.185492,S01008679,"Old Town, Princes Street and Leith Street - 06"
EH1 1TD,55.950374,-3.184500,S01008679,"Old Town, Princes Street and Leith Street - 06"
EH1 1TE,55.950231,-3.184416,S01008679,"Old Town, Princes Street and Leith Street - 06"
EH1 1TF,55.950182,-3.184815,S01008679,"Old Town, Princes Street and Leith Street - 06"
EH1 1TG,55.950279,-3.184994,S01008679,"Old Town, Princes Street and Leith Street - 06"
EH1 1TH,55.949824,-3.186565,S01008679,"Old Town, Princes Street and Leith Street - 06"
EH1 1TQ,55.950089,-3.185132,S01008679,"Old Town, Princes Street and Leith Street - 06"
EH1 1TR,55.951054,-3.188557,S01008677,"Old Town, Princes Street and Leith Street - 04"
EH1 1WG,55.943214,-3.232955,S01008874,Deans Village - 07
EH1 1YH,55.948086,-3.191556,S01008674,"Old Town, Princes Street and Leith Street - 01"
EH1 1YJ,55.950317,-3.190360,S01008677,"Old Town, Princes Street and Leith Street - 04"
EH1 1YP,55.950377,-3.190730,S01008677,"Old Town, Princes Street and Leith Street - 04"
EH1 1YS,55.947816,-3.186039,S01008679,"Old Town, Princes Street and Leith Street - 06"
EH1 1YZ,55.950328,-3.193018,S01008675,"Old Town, Princes Street and Leith Street - 02"
EH1 2AA,55.949287,-3.209416,S01008660,Tollcross - 02
EH1 2AB,55.949622,-3.207313,S01008660,Tollcross - 02
EH1 2AD,55.949931,-3.207883,S01008660,Tollcross - 02
EH1 2AE,55.949504,-3.208414,S01008660,Tollcross - 02
EH1 2AF,55.947181,-3.200639,S01008675,"Old Town, Princes Street and Leith Street - 02"
EH1 2AJ,55.947181,-3.200639,S01008675,"Old Town, Princes Street and Leith Street - 02"
EH1 2AN,55.948992,-3.208350,S01008660,Tollcross - 02
EH1 2AP,55.947131,-3.201150,S01008675,"Old Town, Princes Street and Leith Street - 02"
EH1 2AS,55.948696,-3.208373,S01008660,Tollcross - 02
EH1 2AW,55.947592,-3.194423,S01008674,"Old Town, Princes Street and Leith Street - 01"
EH1 2BB,55.948334,-3.209546,S01008660,Tollcross - 02
EH1 2BD,55.948193,-3.209206,S01008660,Tollcross - 02
EH1 2BE,55.948237,-3.209335,S01008660,Tollcross - 02
EH1 2BW,55.948963,-3.209518,S01008660,Tollcross - 02
EH1 2DB,55.947551,-3.204174,S01008660,Tollcross - 02
EH1 2DH,55.948492,-3.207117,S01008660,Tollcross - 02
EH1 2DJ,55.947857,-3.205929,S01008660,Tollcross - 02
EH1 2DP,55.948491,-3.205404,S01008660,Tollcross - 02
EH1 2DY,55.947927,-3.205226,S01008660,Tollcross - 02
EH1 2EA,55.947443,-3.205067,S01008660,Tollcross - 02
EH1 2ED,55.947753,-3.204644,S01008660,Tollcross - 02
EH1 2EG,55.947551,-3.204174,S01008660,Tollcross - 02
EH1 2EL,55.947090,-3.202622,S01008660,Tollcross - 02
EH1 2EN,55.947551,-3.204174,S01008660,Tollcross - 02
EH1 2EP,55.949965,-3.206314,S01008868,Deans Village - 01
EH1 2EQ,55.946999,-3.203580,S01008660,Tollcross - 02
EH1 2ER,55.947291,-3.203205,S01008660,Tollcross - 02
EH1 2EU,55.949116,-3.204927,S01008660,Tollcross - 02
EH1 2EW,55.947964,-3.203290,S01008660,Tollcross - 02
EH1 2EX,55.948602,-3.193093,S01008674,"Old Town, Princes Street and Leith Street - 01"
EH1 2HB,55.948108,-3.194007,S01008674,"Old Town, Princes Street and Leith Street - 01"
EH1 2HD,55.947472,-3.194740,S01008674,"Old Town, Princes Street and Leith Street - 01"
EH1 2HE,55.948477,-3.193906,S01008674,"Old Town, Princes Street and Leith Street - 01"
EH1 2HG,55.948815,-3.193308,S01008674,"Old Town, Princes Street and Leith Street - 01"
EH1 2HH,55.948213,-3.194298,S01008674,"Old Town, Princes Street and Leith Street - 01"
EH1 2HJ,55.947588,-3.194743,S01008674,"Old Town, Princes Street and Leith Street - 01"
EH1 2HP,55.946864,-3.197139,S01008675,"Old Town, Princes Street and Leith Street - 02"
EH1 2HR,55.946951,-3.195620,S01008675,"Old Town, Princes Street and Leith Street - 02"
EH1 2HS,55.947058,-3.196633,S01008675,"Old Town, Princes Street and Leith Street - 02"
EH1 2HU,55.946585,-3.197178,S01008675,"Old Town, Princes Street and Leith Street - 02"
EH1 2HX,55.946570,-3.196954,S01008675,"Old Town, Princes Street and Leith Street - 02"
EH1 2HY,55.947098,-3.198059,S01008675,"Old Town, Princes Street and Leith Street - 02"
EH1 2JA,55.946818,-3.198178,S01008675,"Old Town, Princes Street and Leith Street - 02"
EH1 2JB,55.946812,-3.198851,S01008675,"Old Town, Princes Street and Leith Street - 02"
EH1 2JE,55.946503,-3.198249,S01008661,Tollcross - 03
EH1 2JL,55.948616,-3.194375,S01008674,"Old Town, Princes Street and Leith Street - 01"
EH1 2JN,55.948980,-3.193922,S01008675,"Old Town, Princes Street and Leith Street - 02"
EH1 2JP,55.948235,-3.194747,S01008674,"Old Town, Princes Street and Leith Street - 01"
EH1 2JR,55.947832,-3.195536,S01008674,"Old Town, Princes Street and Leith Street - 01"
EH1 2JT,55.947777,-3.196655,S01008675,"Old Town, Princes Street and Leith Street - 02"
EH1 2JU,55.947486,-3.196950,S01008675,"Old Town, Princes Street and Leith Street - 02"
EH1 2JW,55.948618,-3.194231,S01008674,"Old Town, Princes Street and Leith Street - 01"
EH1 2JY,55.947168,-3.199166,S01008675,"Old Town, Princes Street and Leith Street - 02"
EH1 2LB,55.946204,-3.199440,S01008661,Tollcross - 03
EH1 2LD,55.946379,-3.198997,S01008661,Tollcross - 03
EH1 2LE,55.946243,-3.200018,S01008661,Tollcross - 03
EH1 2LF,55.946243,-3.200018,S01008661,Tollcross - 03
EH1 2LH,55.946906,-3.198405,S01008675,"Old Town, Princes Street and Leith Street - 02"
EH1 2LJ,55.947737,-3.196093,S01008675,"Old Town, Princes Street and Leith Street - 02"
EH1 2LN,55.949887,-3.193101,S01008674,"Old Town, Princes Street and Leith Street - 01"
EH1 2LP,55.949815,-3.193995,S01008675,"Old Town, Princes Street and Leith Street - 02"
EH1 2LQ,55.946805,-3.199555,S01008675,"Old Town, Princes Street and Leith Street - 02"
EH1 2LS,55.953889,-3.229226,S01008885,Murrayfield and Ravelston - 05
EH1 2LU,55.949702,-3.195465,S01008675,"Old Town, Princes Street and Leith Street - 02"
EH1 2LX,55.949711,-3.195465,S01008675,"Old Town, Princes Street and Leith Street - 02"
EH1 2NA,55.949350,-3.196527,S01008675,"Old Town, Princes Street and Leith Street - 02"
EH1 2ND,55.948981,-3.195651,S01008675,"Old Town, Princes Street and Leith Street - 02"
EH1 2NE,55.948744,-3.195996,S01008675,"Old Town, Princes Street and Leith Street - 02"
EH1 2NF,55.948784,-3.195629,S01008675,"Old Town, Princes Street and Leith Street - 02"
EH1 2NG,55.948961,-3.201479,S01008675,"Old Town, Princes Street and Leith Street - 02"
EH1 2NH,55.948006,-3.197094,S01008675,"Old Town, Princes Street and Leith Street - 02"
EH1 2NQ,55.948545,-3.196198,S01008675,"Old Town, Princes Street and Leith Street - 02"
EH1 2NT,55.949488,-3.193393,S01008674,"Old Town, Princes Street and Leith Street - 01"
EH1 2NX,55.949742,-3.193160,S01008674,"Old Town, Princes Street and Leith Street - 01"
EH1 2NY,55.949902,-3.193405,S01008675,"Old Town, Princes Street and Leith Street - 02"
EH1 2PA,55.949514,-3.193490,S01008674,"Old Town, Princes Street and Leith Street - 01"
EH1 2PB,55.949401,-3.194063,S01008674,"Old Town, Princes Street and Leith Street - 01"
EH1 2PE,55.949327,-3.194236,S01008674,"Old Town, Princes Street and Leith Street - 01"
EH1 2PF,55.949281,-3.194443,S01008674,"Old Town, Princes Street and Leith Street - 01"
EH1 2PG,55.949082,-3.193572,S01008674,"Old Town, Princes Street and Leith Street - 01"
EH1 2PH,55.949107,-3.193781,S01008674,"Old Town, Princes Street and Leith Street - 01"
EH1 2PQ,55.949172,-3.193623,S01008674,"Old Town, Princes Street and Leith Street - 01"
EH1 2PR,55.948545,-3.196198,S01008675,"Old Town, Princes Street and Leith Street - 02"
EH1 2PS,55.949141,-3.193062,S01008674,"Old Town, Princes Street and Leith Street - 01"
EH1 2PW,55.948503,-3.194916,S01008675,"Old Town, Princes Street and Leith Street - 02"
EH1 2QA,55.947612,-3.193287,S01008674,"Old Town, Princes Street and Leith Street - 01"
EH1 2QB,55.947655,-3.192536,S01008674,"Old Town, Princes Street and Leith Street - 01"
EH1 2QD,55.947685,-3.192184,S01008674,"Old Town, Princes Street and Leith Street - 01"
EH1 2QE,55.947122,-3.191863,S01008674,"Old Town, Princes Street and Leith Street - 01"
EH1 2QG,55.947223,-3.191642,S01008678,"Old Town, Princes Street and Leith Street - 05"
EH1 2QH,55.946256,-3.191292,S01008674,"Old Town, Princes Street and Leith Street - 01"
EH1 2QL,55.946135,-3.191752,S01008674,"Old Town, Princes Street and Leith Street - 01"
EH1 2QN,55.945811,-3.190846,S01008674,"Old Town, Princes Street and Leith Street - 01"
EH1 2QP,55.945661,-3.191482,S01008674,"Old Town, Princes Street and Leith Street - 01"
EH1 2QQ,55.946651,-3.191384,S01008674,"Old Town, Princes Street and Leith Street - 01"
EH1 2QZ,55.945655,-3.190313,S01008674,"Old Town, Princes Street and Leith Street - 01"
EH1 2RA,55.945664,-3.190265,S01008674,"Old Town, Princes Street and Leith Street - 01"
EH1 2RT,55.946817,-3.199219,S01008675,"Old Town, Princes Street and Leith Street - 02"
EH1 2RU,55.946598,-3.199549,S01008675,"Old Town, Princes Street and Leith Street - 02"
EH1 2RX,55.946589,-3.199548,S01008675,"Old Town, Princes Street and Leith Street - 02"
EH1 2YD,55.943214,-3.232955,S01008874,Deans Village - 07
EH1 2YT,55.948961,-3.201479,S01008675,"Old Town, Princes Street and Leith Street - 02"
EH1 3AA,55.956890,-3.185276,S01008676,"Old Town, Princes Street and Leith Street - 03"
EH1 3AB,55.958260,-3.186663,S01008845,New Town East and Gayfield - 01
EH1 3AD,55.954829,-3.188432,S01008676,"Old Town, Princes Street and Leith Street - 03"
EH1 3AE,55.954829,-3.188432,S01008676,"Old Town, Princes Street and Leith Street - 03"
EH1 3AF,55.957544,-3.184495,S01008676,"Old Town, Princes Street and Leith Street - 03"
EH1 3AH,55.956793,-3.184072,S01008676,"Old Town, Princes Street and Leith Street - 03"
EH1 3AJ,55.956196,-3.185495,S01008676,"Old Town, Princes Street and Leith Street - 03"
EH1 3AL,55.956939,-3.183836,S01008676,"Old Town, Princes Street and Leith Street - 03"
EH1 3AN,55.955044,-3.186549,S01008676,"Old Town, Princes Street and Leith Street - 03"
EH1 3AR,55.955721,-3.188123,S01008676,"Old Town, Princes Street and Leith Street - 03"
EH1 3AS,55.954829,-3.188432,S01008676,"Old Town, Princes Street and Leith Street - 03"
EH1 3AT,55.954045,-3.187639,S01008676,"Old Town, Princes Street and Leith Street - 03"
EH1 3AU,55.956230,-3.185608,S01008676,"Old Town, Princes Street and Leith Street - 03"
EH1 3AX,55.954584,-3.189594,S01008676,"Old Town, Princes Street and Leith Street - 03"
EH1 3AY,55.954731,-3.190143,S01008676,"Old Town, Princes Street and Leith Street - 03"
EH1 3AZ,55.957465,-3.183339,S01008809,Hillside and Calton Hill - 04
EH1 3BG,55.953738,-3.187870,S01008676,"Old Town, Princes Street and Leith Street - 03"
EH1 3BJ,55.954502,-3.185940,S01008676,"Old Town, Princes Street and Leith Street - 03"
EH1 3BP,55.955707,-3.188667,S01008676,"Old Town, Princes Street and Leith Street - 03"
EH1 3BQ,55.954090,-3.185783,S01008676,"Old Town, Princes Street and Leith Street - 03"
EH1 3BS,55.955137,-3.189979,S01008676,"Old Town, Princes Street and Leith Street - 03"
EH1 3DE,55.953752,-3.185452,S01008809,Hillside and Calton Hill - 04
EH1 3DG,55.953650,-3.183896,S01008809,Hillside and Calton Hill - 04
EH1 3DQ,55.955162,-3.191133,S01008676,"Old Town, Princes Street and Leith Street - 03"
EH1 3DX,55.955722,-3.190782,S01008676,"Old Town, Princes Street and Leith Street - 03"
EH1 3EB,55.955775,-3.191824,S01008676,"Old Town, Princes Street and Leith Street - 03"
EH1 3EG,55.953385,-3.188116,S01008676,"Old Town, Princes Street and Leith Street - 03"
EH1 3EN,55.955919,-3.190916,S01008676,"Old Town, Princes Street and Leith Street - 03"
EH1 3EP,55.956307,-3.191601,S01008676,"Old Town, Princes Street and Leith Street - 03"
EH1 3GX,55.950377,-3.190730,S01008677,"Old Town, Princes Street and Leith Street - 04"
EH1 3HP,55.956127,-3.189785,S01008676,"Old Town, Princes Street and Leith Street - 03"
EH1 3HU,55.956586,-3.189719,S01008676,"Old Town, Princes Street and Leith Street - 03"
EH1 3HY,55.957034,-3.189909,S01008847,New Town East and Gayfield - 03
EH1 3JD,55.956356,-3.188383,S01008676,"Old Town, Princes Street and Leith Street - 03"
EH1 3JP,55.972830,-3.172048,S01008786,Great Junction Street - 02
EH1 3JT,55.957149,-3.187270,S01008676,"Old Town, Princes Street and Leith Street - 03"
EH1 3JU,55.957517,-3.188226,S01008676,"Old Town, Princes Street and Leith Street - 03"
EH1 3JX,55.957558,-3.187715,S01008676,"Old Town, Princes Street and Leith Street - 03"
EH1 3LD,55.957822,-3.188268,S01008846,New Town East and Gayfield - 02
EH1 3LE,55.957757,-3.186600,S01008676,"Old Town, Princes Street and Leith Street - 03"
EH1 3LH,55.958004,-3.187120,S01008846,New Town East and Gayfield - 02
EH1 3LR,55.958274,-3.186167,S01008845,New Town East and Gayfield - 01
EH1 3LT,55.958097,-3.185857,S01008676,"Old Town, Princes Street and Leith Street - 03"
EH1 3LU,55.957754,-3.186023,S01008676,"Old Town, Princes Street and Leith Street - 03"
EH1 3LY,55.957501,-3.187072,S01008676,"Old Town, Princes Street and Leith Street - 03"
EH1 3NA,55.958705,-3.186212,S01008845,New Town East and Gayfield - 01
EH1 3NE,55.958342,-3.185609,S01008845,New Town East and Gayfield - 01
EH1 3NH,55.958014,-3.185182,S01008845,New Town East and Gayfield - 01
EH1 3NQ,55.957379,-3.185787,S01008676,"Old Town, Princes Street and Leith Street - 03"
EH1 3NR,55.959059,-3.186752,S01008845,New Town East and Gayfield - 01
EH1 3NS,55.959174,-3.186931,S01008845,New Town East and Gayfield - 01
EH1 3NT,55.959348,-3.186568,S01008845,New Town East and Gayfield - 01
EH1 3NW,55.958860,-3.185897,S01008845,New Town East and Gayfield - 01
EH1 3NX,55.959709,-3.185458,S01008845,New Town East and Gayfield - 01
EH1 3NZ,55.959486,-3.184346,S01008845,New Town East and Gayfield - 01
EH1 3PA,55.959283,-3.184949,S01008845,New Town East and Gayfield - 01
EH1 3PG,55.956385,-3.192868,S01008676,"Old Town, Princes Street and Leith Street - 03"
EH1 3PP,55.956262,-3.193537,S01008676,"Old Town, Princes Street and Leith Street - 03"
EH1 3PQ,55.957593,-3.191560,S01008847,New Town East and Gayfield - 03
EH1 3PR,55.955948,-3.193479,S01008849,New Town West - 01
EH1 3PX,55.956739,-3.191566,S01008676,"Old Town, Princes Street and Leith Street - 03"
EH1 3PY,55.956785,-3.192432,S01008847,New Town East and Gayfield - 03
EH1 3QB,55.957168,-3.192700,S01008847,New Town East and Gayfield - 03
EH1 3QH,55.957369,-3.191425,S01008847,New Town East and Gayfield - 03
EH1 3QN,55.957075,-3.191192,S01008847,New Town East and Gayfield - 03
EH1 3QP,55.957680,-3.190890,S01008847,New Town East and Gayfield - 03
EH1 3QR,55.957598,-3.190103,S01008847,New Town East and Gayfield - 03
EH1 3QY,55.957344,-3.189406,S01008847,New Town East and Gayfield - 03
EH1 3RG,55.957973,-3.188464,S01008846,New Town East and Gayfield - 02
EH1 3RH,55.957154,-3.188599,S01008676,"Old Town, Princes Street and Leith Street - 03"
EH1 3RJ,55.958049,-3.188979,S01008676,"Old Town, Princes Street and Leith Street - 03"
EH1 3RL,55.958380,-3.189069,S01008846,New Town East and Gayfield - 02
EH1 3RN,55.958428,-3.187918,S01008846,New Town East and Gayfield - 02
EH1 3RP,55.958560,-3.187233,S01008846,New Town East and Gayfield - 02
EH1 3RR,55.958910,-3.187244,S01008845,New Town East and Gayfield - 01
EH1 3RS,55.959090,-3.189107,S01008846,New Town East and Gayfield - 02
EH1 3RT,55.959028,-3.188112,S01008846,New Town East and Gayfield - 02
EH1 3RW,55.958690,-3.187734,S01008846,New Town East and Gayfield - 02
EH1 3RX,55.958794,-3.189066,S01008846,New Town East and Gayfield - 02
EH1 3RZ,55.958794,-3.189931,S01008846,New Town East and Gayfield - 02
EH1 3SA,55.958699,-3.190537,S01008847,New Town East and Gayfield - 03
EH1 3SB,55.957962,-3.189633,S01008676,"Old Town, Princes Street and Leith Street - 03"
EH1 3SP,55.955186,-3.187738,S01008676,"Old Town, Princes Street and Leith Street - 03"
EH1 3WG,55.943214,-3.232955,S01008874,Deans Village - 07
EH1 3YT,55.953751,-3.189296,S01008676,"Old Town, Princes Street and Leith Street - 03"
EH1 3YY,55.953751,-3.189296,S01008676,"Old Town, Princes Street and Leith Street - 03"
EH1 9AG,55.943214,-3.232955,S01008874,Deans Village - 07
EH1 9AJ,55.943214,-3.232955,S01008874,Deans Village - 07
EH1 9AS,55.943214,-3.232955,S01008874,Deans Village - 07
EH1 9AT,55.943214,-3.232955,S01008874,Deans Village - 07
EH1 9AX,55.943214,-3.232955,S01008874,Deans Village - 07
EH12 0AA,55.948611,-3.323954,S01008993,"Ratho, Ingliston and Gogar - 01"
EH12 0AD,55.949794,-3.334260,S01008993,"Ratho, Ingliston and Gogar - 01"
EH12 0AE,55.948849,-3.332722,S01008993,"Ratho, Ingliston and Gogar - 01"
EH12 0AG,55.946267,-3.319695,S01008993,"Ratho, Ingliston and Gogar - 01"
EH12 0AH,55.948820,-3.332977,S01008993,"Ratho, Ingliston and Gogar - 01"
EH12 0AJ,55.948228,-3.328697,S01008993,"Ratho, Ingliston and Gogar - 01"
EH12 0AL,55.951807,-3.350728,S01008993,"Ratho, Ingliston and Gogar - 01"
EH12 0AN,55.951807,-3.350728,S01008993,"Ratho, Ingliston and Gogar - 01"
EH12 0AP,55.953676,-3.347430,S01008993,"Ratho, Ingliston and Gogar - 01"
EH12 0AQ,55.947553,-3.327969,S01008993,"Ratho, Ingliston and Gogar - 01"
EH12 0AR,55.956614,-3.338466,S01008993,"Ratho, Ingliston and Gogar - 01"
EH12 0AS,55.958454,-3.338578,S01008993,"Ratho, Ingliston and Gogar - 01"
EH12 0AT,55.951841,-3.341072,S01008993,"Ratho, Ingliston and Gogar - 01"
EH12 0AU,55.946761,-3.327254,S01008993,"Ratho, Ingliston and Gogar - 01"
EH12 0AW,55.952654,-3.351318,S01008993,"Ratho, Ingliston and Gogar - 01"
EH12 0AX,55.945020,-3.324552,S01008993,"Ratho, Ingliston and Gogar - 01"
EH12 0AY,55.948017,-3.328241,S01008993,"Ratho, Ingliston and Gogar - 01"
EH12 0AZ,55.951076,-3.349437,S01008993,"Ratho, Ingliston and Gogar - 01"
EH12 0BA,55.944937,-3.323108,S01008993,"Ratho, Ingliston and Gogar - 01"
EH12 0BB,55.949425,-3.331861,S01008993,"Ratho, Ingliston and Gogar - 01"
EH12 0BD,55.943692,-3.318503,S01008993,"Ratho, Ingliston and Gogar - 01"
EH12 0BE,55.945590,-3.320793,S01008993,"Ratho, Ingliston and Gogar - 01"
EH12 0BF,55.943787,-3.320571,S01008993,"Ratho, Ingliston and Gogar - 01"
EH12 0BG,55.944582,-3.321847,S01008993,"Ratho, Ingliston and Gogar - 01"
EH12 0BH,55.945662,-3.324206,S01008993,"Ratho, Ingliston and Gogar - 01"
EH12 0BJ,55.946009,-3.324474,S01008993,"Ratho, Ingliston and Gogar - 01"
EH12 0BL,55.946114,-3.324766,S01008993,"Ratho, Ingliston and Gogar - 01"
EH12 0BQ,55.944567,-3.320726,S01008993,"Ratho, Ingliston and Gogar - 01"
EH12 0BS,55.944912,-3.319521,S01008993,"Ratho, Ingliston and Gogar - 01"
EH12 0BT,55.944839,-3.320479,S01008993,"Ratho, Ingliston and Gogar - 01"
EH12 0BU,55.942552,-3.323427,S01008993,"Ratho, Ingliston and Gogar - 01"
EH12 0BW,55.943428,-3.323873,S01008993,"Ratho, Ingliston and Gogar - 01"
EH12 0BX,55.943174,-3.324105,S01008993,"Ratho, Ingliston and Gogar - 01"
EH12 0BY,55.943598,-3.324792,S01008993,"Ratho, Ingliston and Gogar - 01"
EH12 0BZ,55.943745,-3.325261,S01008993,"Ratho, Ingliston and Gogar - 01"
EH12 0DA,55.942942,-3.323905,S01008993,"Ratho, Ingliston and Gogar - 01"
EH12 0DB,55.942887,-3.324832,S01008993,"Ratho, Ingliston and Gogar - 01"
EH12 0DD,55.942672,-3.324776,S01008993,"Ratho, Ingliston and Gogar - 01"
EH12 0DE,55.947722,-3.324773,S01008993,"Ratho, Ingliston and Gogar - 01"
EH12 0DF,55.947912,-3.325500,S01008993,"Ratho, Ingliston and Gogar - 01"
EH12 0DG,55.947341,-3.325080,S01008993,"Ratho, Ingliston and Gogar - 01"
EH12 0DH,55.946788,-3.323908,S01008993,"Ratho, Ingliston and Gogar - 01"
EH12 0DJ,55.946781,-3.324580,S01008993,"Ratho, Ingliston and Gogar - 01"
EH12 0DL,55.947368,-3.322567,S01008993,"Ratho, Ingliston and Gogar - 01"
EH12 0DQ,55.948096,-3.327588,S01008993,"Ratho, Ingliston and Gogar - 01"
EH12 0DR,55.946375,-3.326392,S01008993,"Ratho, Ingliston and Gogar - 01"
EH12 0DS,55.946016,-3.325547,S01008993,"Ratho, Ingliston and Gogar - 01"
EH12 0DT,55.943241,-3.326189,S01008993,"Ratho, Ingliston and Gogar - 01"
EH12 0DU,55.944315,-3.327474,S01008993,"Ratho, Ingliston and Gogar - 01"
EH12 0DX,55.945351,-3.328839,S01008993,"Ratho, Ingliston and Gogar - 01"
EH12 0DY,55.944713,-3.329650,S01008993,"Ratho, Ingliston and Gogar - 01"
EH12 0DZ,55.945208,-3.330435,S01008993,"Ratho, Ingliston and Gogar - 01"
EH12 0EA,55.945528,-3.329886,S01008993,"Ratho, Ingliston and Gogar - 01"
EH12 0EB,55.946348,-3.328889,S01008993,"Ratho, Ingliston and Gogar - 01"
EH12 0ED,55.946005,-3.330703,S01008993,"Ratho, Ingliston and Gogar - 01"
EH12 0EE,55.946804,-3.328216,S01008993,"Ratho, Ingliston and Gogar - 01"
EH12 0EH,55.949235,-3.334448,S01008993,"Ratho, Ingliston and Gogar - 01"
EH12 0EJ,55.945010,-3.328827,S01008993,"Ratho, Ingliston and Gogar - 01"
EH12 0EL,55.946247,-3.328261,S01008993,"Ratho, Ingliston and Gogar - 01"
EH12 0EN,55.948139,-3.332745,S01008993,"Ratho, Ingliston and Gogar - 01"
EH12 0EP,55.946124,-3.331283,S01008993,"Ratho, Ingliston and Gogar - 01"
EH12 0EQ,55.948236,-3.331259,S01008993,"Ratho, Ingliston and Gogar - 01"
EH12 0ER,55.949174,-3.333421,S01008993,"Ratho, Ingliston and Gogar - 01"
EH12 0EY,55.946760,-3.330712,S01008993,"Ratho, Ingliston and Gogar - 01"
EH12 0EZ,55.947994,-3.331203,S01008993,"Ratho, Ingliston and Gogar - 01"
EH12 0HA,55.945726,-3.332406,S01008993,"Ratho, Ingliston and Gogar - 01"
EH12 0HD,55.946559,-3.331826,S01008993,"Ratho, Ingliston and Gogar - 01"
EH12 1AW,55.928941,-3.302220,S01008990,South Gyle - 04
EH12 1AY,55.928941,-3.302220,S01008990,South Gyle - 04
EH12 1AZ,55.928941,-3.302220,S01008990,South Gyle - 04
EH12 1BA,55.928941,-3.302220,S01008990,South Gyle - 04
EH12 1ED,55.928941,-3.302220,S01008990,South Gyle - 04
EH12 1EX,55.928941,-3.302220,S01008990,South Gyle - 04
EH12 1EZ,55.928941,-3.302220,S01008990,South Gyle - 04
EH12 1FU,55.928941,-3.302220,S01008990,South Gyle - 04
EH12 1FW,55.928941,-3.302220,S01008990,South Gyle - 04
EH12 1GJ,55.928941,-3.302220,S01008990,South Gyle - 04
EH12 1GX,55.928941,-3.302220,S01008990,South Gyle - 04
EH12 1HA,55.928941,-3.302220,S01008990,South Gyle - 04
EH12 1HB,55.928941,-3.302220,S01008990,South Gyle - 04
EH12 1HD,55.928941,-3.302220,S01008990,South Gyle - 04
EH12 1HL,55.928941,-3.302220,S01008990,South Gyle - 04
EH12 1HQ,55.928941,-3.302220,S01008990,South Gyle - 04
EH12 1JA,55.928941,-3.302220,S01008990,South Gyle - 04
EH12 1LB,55.928941,-3.302220,S01008990,South Gyle - 04
EH12 1LR,55.928941,-3.302220,S01008990,South Gyle - 04
EH12 1NE,55.928941,-3.302220,S01008990,South Gyle - 04
EH12 1NN,55.928941,-3.302220,S01008990,South Gyle - 04
EH12 1NP,55.928941,-3.302220,S01008990,South Gyle - 04
EH12 1NQ,55.928941,-3.302220,S01008990,South Gyle - 04
EH12 1NT,55.928941,-3.302220,S01008990,South Gyle - 04
EH12 1NU,55.928941,-3.302220,S01008990,South Gyle - 04
EH12 1NW,55.928941,-3.302220,S01008990,South Gyle - 04
EH12 1NX,55.928941,-3.302220,S01008990,South Gyle - 04
EH12 1NZ,55.928941,-3.302220,S01008990,South Gyle - 04
EH12 1PA,55.928941,-3.302220,S01008990,South Gyle - 04
EH12 1PB,55.928941,-3.302220,S01008990,South Gyle - 04
EH12 1PE,55.928941,-3.302220,S01008990,South Gyle - 04
EH12 1PG,55.928941,-3.302220,S01008990,South Gyle - 04
EH12 1PJ,55.928941,-3.302220,S01008990,South Gyle - 04
EH12 1PQ,55.928941,-3.302220,S01008990,South Gyle - 04
EH12 1QE,55.928941,-3.302220,S01008990,South Gyle - 04
EH12 1QZ,55.928941,-3.302220,S01008990,South Gyle - 04
EH12 1RB,55.928941,-3.302220,S01008990,South Gyle - 04
EH12 1RH,55.928941,-3.302220,S01008990,South Gyle - 04
EH12 1RP,55.928941,-3.302220,S01008990,South Gyle - 04
EH12 1RQ,55.928941,-3.302220,S01008990,South Gyle - 04
EH12 1RY,55.928941,-3.302220,S01008990,South Gyle - 04
EH12 1RZ,55.928941,-3.302220,S01008990,South Gyle - 04
EH12 1SA,55.928941,-3.302220,S01008990,South Gyle - 04
EH12 1SB,55.928941,-3.302220,S01008990,South Gyle - 04
EH12 1SD,55.928941,-3.302220,S01008990,South Gyle - 04
EH12 1WU,55.928941,-3.302220,S01008990,South Gyle - 04
EH12 5AA,55.947203,-3.215804,S01008871,Deans Village - 04
EH12 5AD,55.945368,-3.231422,S01008873,Deans Village - 06
EH12 5AE,55.947366,-3.216578,S01008871,Deans Village - 04
EH12 5AF,55.947725,-3.215660,S01008871,Deans Village - 04
EH12 5AH,55.947530,-3.215430,S01008871,Deans Village - 04
EH12 5AL,55.947771,-3.216542,S01008871,Deans Village - 04
EH12 5AP,55.949434,-3.218244,S01008871,Deans Village - 04
EH12 5AU,55.949682,-3.218620,S01008871,Deans Village - 04
EH12 5AW,55.948573,-3.216311,S01008871,Deans Village - 04
EH12 5AY,55.949656,-3.219404,S01008871,Deans Village - 04
EH12 5BA,55.949752,-3.220640,S01008871,Deans Village - 04
EH12 5BB,55.948839,-3.222132,S01008871,Deans Village - 04
EH12 5BD,55.948108,-3.223262,S01008872,Deans Village - 05
EH12 5BE,55.946826,-3.222998,S01008872,Deans Village - 05
EH12 5BH,55.945009,-3.223261,S01008872,Deans Village - 05
EH12 5BJ,55.948807,-3.218096,S01008871,Deans Village - 04
EH12 5BS,55.948672,-3.219037,S01008871,Deans Village - 04
EH12 5BT,55.947886,-3.220341,S01008872,Deans Village - 05
EH12 5BU,55.947517,-3.223148,S01008872,Deans Village - 05
EH12 5BX,55.948239,-3.222802,S01008872,Deans Village - 05
EH12 5BY,55.947941,-3.221992,S01008872,Deans Village - 05
EH12 5DD,55.948869,-3.220916,S01008871,Deans Village - 04
EH12 5DE,55.949063,-3.218488,S01008871,Deans Village - 04
EH12 5DG,55.948649,-3.221278,S01008871,Deans Village - 04
EH12 5DH,55.949240,-3.219727,S01008871,Deans Village - 04
EH12 5DR,55.946136,-3.218332,S01008872,Deans Village - 05
EH12 5DS,55.946612,-3.215545,S01008871,Deans Village - 04
EH12 5DX,55.947041,-3.215783,S01008871,Deans Village - 04
EH12 5EA,55.946840,-3.216177,S01008871,Deans Village - 04
EH12 5EB,55.946745,-3.216702,S01008871,Deans Village - 04
EH12 5ED,55.946647,-3.216635,S01008871,Deans Village - 04
EH12 5EE,55.947244,-3.219824,S01008871,Deans Village - 04
EH12 5EG,55.946585,-3.217370,S01008871,Deans Village - 04
EH12 5EH,55.946983,-3.218983,S01008871,Deans Village - 04
EH12 5EL,55.947644,-3.219405,S01008871,Deans Village - 04
EH12 5EP,55.948215,-3.217981,S01008871,Deans Village - 04
EH12 5EQ,55.947692,-3.217244,S01008871,Deans Village - 04
EH12 5EY,55.945624,-3.218300,S01008872,Deans Village - 05
EH12 5EZ,55.945481,-3.220041,S01008872,Deans Village - 05
EH12 5FA,55.947848,-3.225928,S01008873,Deans Village - 06
EH12 5FB,55.948274,-3.224661,S01008873,Deans Village - 06
EH12 5FD,55.948234,-3.226917,S01008873,Deans Village - 06
EH12 5FS,55.947848,-3.225928,S01008873,Deans Village - 06
EH12 5HA,55.944622,-3.225138,S01008874,Deans Village - 07
EH12 5HD,55.945754,-3.221459,S01008872,Deans Village - 05
EH12 5HG,55.945571,-3.226305,S01008873,Deans Village - 06
EH12 5HH,55.945117,-3.226803,S01008874,Deans Village - 07
EH12 5HJ,55.945188,-3.225140,S01008874,Deans Village - 07
EH12 5HN,55.944947,-3.224972,S01008874,Deans Village - 07
EH12 5HP,55.944381,-3.226699,S01008874,Deans Village - 07
EH12 5HQ,55.944747,-3.227928,S01008874,Deans Village - 07
EH12 5HT,55.944394,-3.228141,S01008874,Deans Village - 07
EH12 5HX,55.944503,-3.228881,S01008874,Deans Village - 07
EH12 5HY,55.944217,-3.228728,S01008874,Deans Village - 07
EH12 5HZ,55.945004,-3.229105,S01008874,Deans Village - 07
EH12 5JA,55.945041,-3.228097,S01008874,Deans Village - 07
EH12 5JB,55.945054,-3.227697,S01008874,Deans Village - 07
EH12 5JD,55.945525,-3.228209,S01008873,Deans Village - 06
EH12 5JE,55.945393,-3.230654,S01008873,Deans Village - 06
EH12 5JF,55.944699,-3.229976,S01008874,Deans Village - 07
EH12 5JG,55.945997,-3.230513,S01008873,Deans Village - 06
EH12 5JH,55.945972,-3.227614,S01008873,Deans Village - 06
EH12 5JL,55.943870,-3.227548,S01008874,Deans Village - 07
EH12 5JP,55.946444,-3.218983,S01008872,Deans Village - 05
EH12 5JQ,55.946162,-3.228357,S01008873,Deans Village - 06
EH12 5JR,55.946719,-3.218367,S01008872,Deans Village - 05
EH12 5JU,55.946479,-3.220008,S01008872,Deans Village - 05
EH12 5JY,55.946339,-3.219588,S01008872,Deans Village - 05
EH12 5JZ,55.946076,-3.219836,S01008872,Deans Village - 05
EH12 5LA,55.946092,-3.220957,S01008872,Deans Village - 05
EH12 5LB,55.946547,-3.221244,S01008872,Deans Village - 05
EH12 5LE,55.947140,-3.221278,S01008872,Deans Village - 05
EH12 5LF,55.947354,-3.222358,S01008872,Deans Village - 05
EH12 5LG,55.946935,-3.221976,S01008872,Deans Village - 05
EH12 5LJ,55.944316,-3.231421,S01008874,Deans Village - 07
EH12 5LL,55.943618,-3.231174,S01008874,Deans Village - 07
EH12 5LQ,55.946106,-3.222190,S01008872,Deans Village - 05
EH12 5LR,55.946580,-3.232373,S01008873,Deans Village - 06
EH12 5LS,55.946550,-3.230003,S01008873,Deans Village - 06
EH12 5LT,55.947850,-3.231213,S01008873,Deans Village - 06
EH12 5LU,55.946567,-3.229138,S01008873,Deans Village - 06
EH12 5LY,55.944881,-3.232496,S01008874,Deans Village - 07
EH12 5LZ,55.944655,-3.232616,S01008874,Deans Village - 07
EH12 5NB,55.942774,-3.232909,S01008875,Balgreen and Roseburn - 01
EH12 5NE,55.943661,-3.232217,S01008874,Deans Village - 07
EH12 5NG,55.945351,-3.234016,S01008875,Balgreen and Roseburn - 01
EH12 5NJ,55.945506,-3.235590,S01008875,Balgreen and Roseburn - 01
EH12 5NL,55.945238,-3.235341,S01008875,Balgreen and Roseburn - 01
EH12 5NN,55.945111,-3.234648,S01008875,Balgreen and Roseburn - 01
EH12 5NP,55.944883,-3.234945,S01008875,Balgreen and Roseburn - 01
EH12 5NQ,55.945537,-3.235094,S01008875,Balgreen and Roseburn - 01
EH12 5NR,55.944588,-3.235737,S01008875,Balgreen and Roseburn - 01
EH12 5NS,55.944808,-3.236160,S01008875,Balgreen and Roseburn - 01
EH12 5NU,55.944945,-3.236805,S01008876,Balgreen and Roseburn - 02
EH12 5NW,55.945178,-3.234170,S01008875,Balgreen and Roseburn - 01
EH12 5NX,55.945615,-3.236346,S01008876,Balgreen and Roseburn - 02
EH12 5NY,55.944538,-3.237112,S01008876,Balgreen and Roseburn - 02
EH12 5NZ,55.943946,-3.237846,S01008876,Balgreen and Roseburn - 02
EH12 5PA,55.943932,-3.237445,S01008876,Balgreen and Roseburn - 02
EH12 5PB,55.944119,-3.236794,S01008876,Balgreen and Roseburn - 02
EH12 5PD,55.943679,-3.235868,S01008875,Balgreen and Roseburn - 01
EH12 5PE,55.942739,-3.236430,S01008875,Balgreen and Roseburn - 01
EH12 5PF,55.943391,-3.235042,S01008875,Balgreen and Roseburn - 01
EH12 5PG,55.944320,-3.233759,S01008874,Deans Village - 07
EH12 5PH,55.940769,-3.241923,S01008876,Balgreen and Roseburn - 02
EH12 5PJ,55.941236,-3.240257,S01008876,Balgreen and Roseburn - 02
EH12 5PL,55.942895,-3.237876,S01008875,Balgreen and Roseburn - 01
EH12 5PN,55.943862,-3.235473,S01008875,Balgreen and Roseburn - 01
EH12 5PP,55.943788,-3.233982,S01008875,Balgreen and Roseburn - 01
EH12 5PR,55.944479,-3.234949,S01008875,Balgreen and Roseburn - 01
EH12 5PT,55.943603,-3.238907,S01008875,Balgreen and Roseburn - 01
EH12 5PW,55.943391,-3.235042,S01008875,Balgreen and Roseburn - 01
EH12 5PY,55.944507,-3.250817,S01008877,Balgreen and Roseburn - 03
EH12 5PZ,55.944727,-3.250392,S01008877,Balgreen and Roseburn - 03
EH12 5QA,55.944562,-3.249810,S01008877,Balgreen and Roseburn - 03
EH12 5QB,55.944806,-3.248793,S01008877,Balgreen and Roseburn - 03
EH12 5QD,55.944573,-3.247857,S01008877,Balgreen and Roseburn - 03
EH12 5QE,55.944877,-3.247979,S01008876,Balgreen and Roseburn - 02
EH12 5QF,55.944920,-3.246395,S01008876,Balgreen and Roseburn - 02
EH12 5QG,55.945090,-3.243822,S01008876,Balgreen and Roseburn - 02
EH12 5QL,55.943954,-3.250447,S01008877,Balgreen and Roseburn - 03
EH12 5QN,55.943597,-3.250211,S01008877,Balgreen and Roseburn - 03
EH12 5QP,55.943777,-3.248376,S01008876,Balgreen and Roseburn - 02
EH12 5QQ,55.945271,-3.242820,S01008876,Balgreen and Roseburn - 02
EH12 5QR,55.943687,-3.246627,S01008876,Balgreen and Roseburn - 02
EH12 5QS,55.944249,-3.246101,S01008876,Balgreen and Roseburn - 02
EH12 5QT,55.944509,-3.244396,S01008876,Balgreen and Roseburn - 02
EH12 5QW,55.943404,-3.249676,S01008877,Balgreen and Roseburn - 03
EH12 5QX,55.943523,-3.245998,S01008876,Balgreen and Roseburn - 02
EH12 5QY,55.942773,-3.247287,S01008876,Balgreen and Roseburn - 02
EH12 5QZ,55.942154,-3.248083,S01008878,Balgreen and Roseburn - 04
EH12 5RA,55.941808,-3.247640,S01008878,Balgreen and Roseburn - 04
EH12 5RB,55.942504,-3.248991,S01008876,Balgreen and Roseburn - 02
EH12 5RD,55.943121,-3.248402,S01008876,Balgreen and Roseburn - 02
EH12 5RE,55.943025,-3.249920,S01008877,Balgreen and Roseburn - 03
EH12 5RF,55.943223,-3.250759,S01008877,Balgreen and Roseburn - 03
EH12 5RG,55.942710,-3.249926,S01008877,Balgreen and Roseburn - 03
EH12 5RH,55.942161,-3.250853,S01008877,Balgreen and Roseburn - 03
EH12 5RJ,55.941618,-3.250403,S01008877,Balgreen and Roseburn - 03
EH12 5RL,55.940955,-3.251071,S01008878,Balgreen and Roseburn - 04
EH12 5RN,55.941487,-3.249182,S01008878,Balgreen and Roseburn - 04
EH12 5RP,55.941110,-3.247313,S01008878,Balgreen and Roseburn - 04
EH12 5RQ,55.942283,-3.249512,S01008877,Balgreen and Roseburn - 03
EH12 5RR,55.940150,-3.248099,S01008878,Balgreen and Roseburn - 04
EH12 5RS,55.939869,-3.250107,S01008878,Balgreen and Roseburn - 04
EH12 5RT,55.940638,-3.250452,S01008878,Balgreen and Roseburn - 04
EH12 5RU,55.940656,-3.249620,S01008878,Balgreen and Roseburn - 04
EH12 5RW,55.941975,-3.248878,S01008877,Balgreen and Roseburn - 03
EH12 5RX,55.939810,-3.247912,S01008878,Balgreen and Roseburn - 04
EH12 5RY,55.940176,-3.246419,S01008878,Balgreen and Roseburn - 04
EH12 5RZ,55.939575,-3.247232,S01008878,Balgreen and Roseburn - 04
EH12 5SA,55.938929,-3.249708,S01008878,Balgreen and Roseburn - 04
EH12 5SB,55.939267,-3.250056,S01008878,Balgreen and Roseburn - 04
EH12 5SG,55.944599,-3.251524,S01008878,Balgreen and Roseburn - 04
EH12 5SH,55.944182,-3.252712,S01008878,Balgreen and Roseburn - 04
EH12 5SJ,55.943819,-3.252236,S01008878,Balgreen and Roseburn - 04
EH12 5SL,55.943657,-3.253944,S01008878,Balgreen and Roseburn - 04
EH12 5SN,55.942863,-3.254334,S01008878,Balgreen and Roseburn - 04
EH12 5SP,55.943462,-3.255474,S01008878,Balgreen and Roseburn - 04
EH12 5SQ,55.944231,-3.251464,S01008877,Balgreen and Roseburn - 03
EH12 5SR,55.943231,-3.255211,S01008878,Balgreen and Roseburn - 04
EH12 5SS,55.942996,-3.256292,S01008880,Balgreen and Roseburn - 06
EH12 5ST,55.942727,-3.257932,S01008880,Balgreen and Roseburn - 06
EH12 5SU,55.942042,-3.259895,S01008880,Balgreen and Roseburn - 06
EH12 5SW,55.943038,-3.254820,S01008878,Balgreen and Roseburn - 04
EH12 5SX,55.941674,-3.259835,S01008880,Balgreen and Roseburn - 06
EH12 5SY,55.942374,-3.258225,S01008880,Balgreen and Roseburn - 06
EH12 5SZ,55.943129,-3.255576,S01008878,Balgreen and Roseburn - 04
EH12 5TA,55.942607,-3.255591,S01008880,Balgreen and Roseburn - 06
EH12 5TB,55.941940,-3.254112,S01008879,Balgreen and Roseburn - 05
EH12 5TD,55.941535,-3.254131,S01008879,Balgreen and Roseburn - 05
EH12 5TE,55.942745,-3.253562,S01008878,Balgreen and Roseburn - 04
EH12 5TF,55.942536,-3.252915,S01008878,Balgreen and Roseburn - 04
EH12 5TG,55.941198,-3.252823,S01008878,Balgreen and Roseburn - 04
EH12 5TH,55.940989,-3.252176,S01008879,Balgreen and Roseburn - 05
EH12 5TJ,55.940435,-3.252719,S01008878,Balgreen and Roseburn - 04
EH12 5TL,55.942096,-3.252020,S01008878,Balgreen and Roseburn - 04
EH12 5TN,55.943536,-3.251778,S01008877,Balgreen and Roseburn - 03
EH12 5TP,55.943462,-3.251071,S01008877,Balgreen and Roseburn - 03
EH12 5TQ,55.940978,-3.253233,S01008879,Balgreen and Roseburn - 05
EH12 5TR,55.942022,-3.251345,S01008877,Balgreen and Roseburn - 03
EH12 5TS,55.940155,-3.251109,S01008878,Balgreen and Roseburn - 04
EH12 5TT,55.940121,-3.251780,S01008878,Balgreen and Roseburn - 04
EH12 5TU,55.944122,-3.254215,S01008878,Balgreen and Roseburn - 04
EH12 5TW,55.944157,-3.250790,S01008877,Balgreen and Roseburn - 03
EH12 5TY,55.942205,-3.256298,S01008880,Balgreen and Roseburn - 06
EH12 5TZ,55.942206,-3.257099,S01008880,Balgreen and Roseburn - 06
EH12 5UA,55.941242,-3.254682,S01008879,Balgreen and Roseburn - 05
EH12 5UB,55.940853,-3.254942,S01008879,Balgreen and Roseburn - 05
EH12 5UD,55.941264,-3.256876,S01008879,Balgreen and Roseburn - 05
EH12 5UE,55.941795,-3.257742,S01008880,Balgreen and Roseburn - 06
EH12 5UF,55.941759,-3.258557,S01008880,Balgreen and Roseburn - 06
EH12 5UG,55.941213,-3.258364,S01008880,Balgreen and Roseburn - 06
EH12 5UH,55.940368,-3.254910,S01008879,Balgreen and Roseburn - 05
EH12 5UJ,55.940218,-3.255546,S01008879,Balgreen and Roseburn - 05
EH12 5UL,55.940704,-3.256314,S01008879,Balgreen and Roseburn - 05
EH12 5UN,55.940732,-3.257932,S01008879,Balgreen and Roseburn - 05
EH12 5UP,55.940354,-3.257119,S01008879,Balgreen and Roseburn - 05
EH12 5UQ,55.940915,-3.255872,S01008879,Balgreen and Roseburn - 05
EH12 5UR,55.940153,-3.257449,S01008879,Balgreen and Roseburn - 05
EH12 5UT,55.939910,-3.255744,S01008879,Balgreen and Roseburn - 05
EH12 5UU,55.939718,-3.256090,S01008879,Balgreen and Roseburn - 05
EH12 5UW,55.940511,-3.256708,S01008879,Balgreen and Roseburn - 05
EH12 5UX,55.939480,-3.256562,S01008879,Balgreen and Roseburn - 05
EH12 5UY,55.939350,-3.256046,S01008879,Balgreen and Roseburn - 05
EH12 5UZ,55.938232,-3.256426,S01008879,Balgreen and Roseburn - 05
EH12 5WN,55.945219,-3.221954,S01008872,Deans Village - 05
EH12 5WS,55.945219,-3.221954,S01008872,Deans Village - 05
EH12 5WT,55.945219,-3.221970,S01008872,Deans Village - 05
EH12 5XA,55.939196,-3.255256,S01008879,Balgreen and Roseburn - 05
EH12 5XB,55.939809,-3.255084,S01008879,Balgreen and Roseburn - 05
EH12 5XD,55.939507,-3.253842,S01008879,Balgreen and Roseburn - 05
EH12 5XE,55.939916,-3.252542,S01008879,Balgreen and Roseburn - 05
EH12 5XF,55.939571,-3.252851,S01008879,Balgreen and Roseburn - 05
EH12 5XG,55.938733,-3.253160,S01008879,Balgreen and Roseburn - 05
EH12 5XN,55.943198,-3.243442,S01008876,Balgreen and Roseburn - 02
EH12 5XQ,55.938734,-3.252120,S01008879,Balgreen and Roseburn - 05
EH12 5XR,55.945219,-3.221970,S01008872,Deans Village - 05
EH12 5XU,55.915398,-3.284406,S01008459,Murrayburn and Wester Hailes North - 01
EH12 5YG,55.948839,-3.229274,S01008873,Deans Village - 06
EH12 5YR,55.942482,-3.259910,S01008880,Balgreen and Roseburn - 06
EH12 5YS,55.942643,-3.260892,S01008880,Balgreen and Roseburn - 06
EH12 5YT,55.943746,-3.256732,S01008880,Balgreen and Roseburn - 06
EH12 6AA,55.946454,-3.235956,S01008882,Murrayfield and Ravelston - 02
EH12 6AB,55.947426,-3.235827,S01008882,Murrayfield and Ravelston - 02
EH12 6AD,55.948715,-3.234507,S01008882,Murrayfield and Ravelston - 02
EH12 6AE,55.947497,-3.235061,S01008882,Murrayfield and Ravelston - 02
EH12 6AF,55.947483,-3.234580,S01008873,Deans Village - 06
EH12 6AG,55.948045,-3.234117,S01008873,Deans Village - 06
EH12 6AH,55.946789,-3.234878,S01008873,Deans Village - 06
EH12 6AJ,55.945960,-3.235044,S01008873,Deans Village - 06
EH12 6AL,55.946163,-3.233641,S01008873,Deans Village - 06
EH12 6AN,55.945726,-3.234204,S01008873,Deans Village - 06
EH12 6AP,55.946931,-3.234162,S01008873,Deans Village - 06
EH12 6AQ,55.949061,-3.232228,S01008873,Deans Village - 06
EH12 6AU,55.947194,-3.236540,S01008882,Murrayfield and Ravelston - 02
EH12 6AW,55.945793,-3.234718,S01008873,Deans Village - 06
EH12 6AX,55.947001,-3.237847,S01008882,Murrayfield and Ravelston - 02
EH12 6AY,55.947896,-3.239157,S01008883,Murrayfield and Ravelston - 03
EH12 6BA,55.948253,-3.238415,S01008883,Murrayfield and Ravelston - 03
EH12 6BB,55.948531,-3.236743,S01008883,Murrayfield and Ravelston - 03
EH12 6BE,55.949037,-3.239081,S01008883,Murrayfield and Ravelston - 03
EH12 6BF,55.945660,-3.246130,S01008881,Murrayfield and Ravelston - 01
EH12 6BG,55.950351,-3.232701,S01008883,Murrayfield and Ravelston - 03
EH12 6BH,55.949310,-3.236095,S01008883,Murrayfield and Ravelston - 03
EH12 6BJ,55.948896,-3.237107,S01008883,Murrayfield and Ravelston - 03
EH12 6BL,55.949314,-3.237489,S01008883,Murrayfield and Ravelston - 03
EH12 6BN,55.950422,-3.236339,S01008883,Murrayfield and Ravelston - 03
EH12 6BP,55.950936,-3.237893,S01008883,Murrayfield and Ravelston - 03
EH12 6BQ,55.949327,-3.235295,S01008883,Murrayfield and Ravelston - 03
EH12 6BR,55.950286,-3.238256,S01008883,Murrayfield and Ravelston - 03
EH12 6BS,55.949870,-3.237618,S01008883,Murrayfield and Ravelston - 03
EH12 6BT,55.950170,-3.239085,S01008883,Murrayfield and Ravelston - 03
EH12 6BU,55.950837,-3.239731,S01008883,Murrayfield and Ravelston - 03
EH12 6BW,55.949709,-3.236620,S01008883,Murrayfield and Ravelston - 03
EH12 6BX,55.949527,-3.241307,S01008883,Murrayfield and Ravelston - 03
EH12 6BY,55.950417,-3.242136,S01008883,Murrayfield and Ravelston - 03
EH12 6BZ,55.950441,-3.240663,S01008883,Murrayfield and Ravelston - 03
EH12 6DA,55.942148,-3.272259,S01008973,Corstorphine - 04
EH12 6DB,55.945671,-3.237901,S01008882,Murrayfield and Ravelston - 02
EH12 6DD,55.945710,-3.238510,S01008882,Murrayfield and Ravelston - 02
EH12 6DE,55.946150,-3.239373,S01008882,Murrayfield and Ravelston - 02
EH12 6DF,55.946909,-3.238981,S01008882,Murrayfield and Ravelston - 02
EH12 6DG,55.946874,-3.239797,S01008882,Murrayfield and Ravelston - 02
EH12 6DH,55.947830,-3.241236,S01008882,Murrayfield and Ravelston - 02
EH12 6DJ,55.948670,-3.241615,S01008882,Murrayfield and Ravelston - 02
EH12 6DL,55.948458,-3.242201,S01008882,Murrayfield and Ravelston - 02
EH12 6DN,55.947803,-3.245703,S01008882,Murrayfield and Ravelston - 02
EH12 6DP,55.948841,-3.243430,S01008883,Murrayfield and Ravelston - 03
EH12 6DQ,55.947936,-3.240519,S01008882,Murrayfield and Ravelston - 02
EH12 6DR,55.949649,-3.245234,S01008883,Murrayfield and Ravelston - 03
EH12 6DS,55.948431,-3.244890,S01008883,Murrayfield and Ravelston - 03
EH12 6DT,55.949105,-3.246594,S01008883,Murrayfield and Ravelston - 03
EH12 6DU,55.945641,-3.247075,S01008881,Murrayfield and Ravelston - 01
EH12 6DW,55.949485,-3.243659,S01008883,Murrayfield and Ravelston - 03
EH12 6DY,55.946452,-3.241576,S01008882,Murrayfield and Ravelston - 02
EH12 6DZ,55.946443,-3.243289,S01008882,Murrayfield and Ravelston - 02
EH12 6EA,55.947479,-3.243050,S01008882,Murrayfield and Ravelston - 02
EH12 6EB,55.947640,-3.244913,S01008882,Murrayfield and Ravelston - 02
EH12 6ED,55.948064,-3.243886,S01008882,Murrayfield and Ravelston - 02
EH12 6EE,55.948265,-3.242659,S01008882,Murrayfield and Ravelston - 02
EH12 6EF,55.947523,-3.242251,S01008882,Murrayfield and Ravelston - 02
EH12 6EG,55.947078,-3.240940,S01008882,Murrayfield and Ravelston - 02
EH12 6EJ,55.946100,-3.244367,S01008882,Murrayfield and Ravelston - 02
EH12 6EL,55.945905,-3.244953,S01008881,Murrayfield and Ravelston - 01
EH12 6EN,55.946418,-3.244858,S01008882,Murrayfield and Ravelston - 02
EH12 6EP,55.948098,-3.248419,S01008881,Murrayfield and Ravelston - 01
EH12 6EQ,55.946637,-3.240990,S01008882,Murrayfield and Ravelston - 02
EH12 6ER,55.948536,-3.247840,S01008883,Murrayfield and Ravelston - 03
EH12 6ES,55.947944,-3.249471,S01008881,Murrayfield and Ravelston - 01
EH12 6ET,55.949687,-3.249495,S01008883,Murrayfield and Ravelston - 03
EH12 6EU,55.949630,-3.250694,S01008894,Blackhall - 03
EH12 6EW,55.946291,-3.245895,S01008881,Murrayfield and Ravelston - 01
EH12 6EX,55.947772,-3.254941,S01008894,Blackhall - 03
EH12 6EY,55.950213,-3.249015,S01008883,Murrayfield and Ravelston - 03
EH12 6EZ,55.950267,-3.247271,S01008883,Murrayfield and Ravelston - 03
EH12 6FB,55.946970,-3.245356,S01008882,Murrayfield and Ravelston - 02
EH12 6HA,55.950437,-3.245499,S01008883,Murrayfield and Ravelston - 03
EH12 6HB,55.950979,-3.245244,S01008883,Murrayfield and Ravelston - 03
EH12 6HD,55.950540,-3.244189,S01008883,Murrayfield and Ravelston - 03
EH12 6HE,55.951321,-3.241620,S01008883,Murrayfield and Ravelston - 03
EH12 6HF,55.951517,-3.239112,S01008883,Murrayfield and Ravelston - 03
EH12 6HG,55.951145,-3.238572,S01008883,Murrayfield and Ravelston - 03
EH12 6HJ,55.948253,-3.249160,S01008881,Murrayfield and Ravelston - 01
EH12 6HL,55.946197,-3.242737,S01008882,Murrayfield and Ravelston - 02
EH12 6HN,55.945752,-3.242323,S01008882,Murrayfield and Ravelston - 02
EH12 6HP,55.945654,-3.245842,S01008881,Murrayfield and Ravelston - 01
EH12 6HQ,55.951311,-3.237280,S01008883,Murrayfield and Ravelston - 03
EH12 6HR,55.946053,-3.249906,S01008881,Murrayfield and Ravelston - 01
EH12 6HS,55.945610,-3.248339,S01008881,Murrayfield and Ravelston - 01
EH12 6HT,55.945700,-3.250151,S01008881,Murrayfield and Ravelston - 01
EH12 6HU,55.946370,-3.247018,S01008881,Murrayfield and Ravelston - 01
EH12 6HY,55.946405,-3.247948,S01008881,Murrayfield and Ravelston - 01
EH12 6HZ,55.947097,-3.247954,S01008881,Murrayfield and Ravelston - 01
EH12 6JA,55.946715,-3.251080,S01008881,Murrayfield and Ravelston - 01
EH12 6JB,55.945933,-3.254626,S01008881,Murrayfield and Ravelston - 01
EH12 6JD,55.945703,-3.256043,S01008881,Murrayfield and Ravelston - 01
EH12 6JE,55.945228,-3.254123,S01008881,Murrayfield and Ravelston - 01
EH12 6JF,55.944981,-3.255476,S01008881,Murrayfield and Ravelston - 01
EH12 6JG,55.944608,-3.255047,S01008881,Murrayfield and Ravelston - 01
EH12 6JH,55.945502,-3.252770,S01008881,Murrayfield and Ravelston - 01
EH12 6JJ,55.946071,-3.252501,S01008881,Murrayfield and Ravelston - 01
EH12 6JL,55.945157,-3.253192,S01008881,Murrayfield and Ravelston - 01
EH12 6JN,55.946760,-3.254572,S01008881,Murrayfield and Ravelston - 01
EH12 6JQ,55.944929,-3.252576,S01008881,Murrayfield and Ravelston - 01
EH12 6JR,55.942808,-3.273658,S01008972,Corstorphine - 03
EH12 6JS,55.944250,-3.273241,S01008972,Corstorphine - 03
EH12 6JT,55.945476,-3.273745,S01008972,Corstorphine - 03
EH12 6JU,55.945115,-3.275607,S01008972,Corstorphine - 03
EH12 6JX,55.944828,-3.278095,S01008972,Corstorphine - 03
EH12 6JY,55.945116,-3.279802,S01008972,Corstorphine - 03
EH12 6JZ,55.945496,-3.279542,S01008971,Corstorphine - 02
EH12 6LA,55.945561,-3.276806,S01008971,Corstorphine - 02
EH12 6LB,55.945805,-3.276590,S01008971,Corstorphine - 02
EH12 6LD,55.946164,-3.274056,S01008971,Corstorphine - 02
EH12 6LE,55.946236,-3.276685,S01008971,Corstorphine - 02
EH12 6LF,55.946481,-3.276452,S01008971,Corstorphine - 02
EH12 6LG,55.945946,-3.279461,S01008971,Corstorphine - 02
EH12 6LH,55.947167,-3.279565,S01008971,Corstorphine - 02
EH12 6LJ,55.947159,-3.276923,S01008971,Corstorphine - 02
EH12 6LL,55.946883,-3.276674,S01008971,Corstorphine - 02
EH12 6LN,55.946729,-3.274203,S01008971,Corstorphine - 02
EH12 6LP,55.947874,-3.277267,S01008969,Corstorphine North - 03
EH12 6LQ,55.946576,-3.279354,S01008971,Corstorphine - 02
EH12 6LR,55.948025,-3.274806,S01008971,Corstorphine - 02
EH12 6LU,55.943622,-3.274821,S01008972,Corstorphine - 03
EH12 6LW,55.947570,-3.274519,S01008971,Corstorphine - 02
EH12 6LX,55.943956,-3.274688,S01008972,Corstorphine - 03
EH12 6LY,55.944457,-3.274945,S01008972,Corstorphine - 03
EH12 6LZ,55.944214,-3.275801,S01008972,Corstorphine - 03
EH12 6NA,55.944524,-3.276292,S01008972,Corstorphine - 03
EH12 6NB,55.944365,-3.278640,S01008972,Corstorphine - 03
EH12 6ND,55.944030,-3.277989,S01008972,Corstorphine - 03
EH12 6NE,55.943812,-3.276445,S01008972,Corstorphine - 03
EH12 6NF,55.943098,-3.275092,S01008972,Corstorphine - 03
EH12 6NG,55.942923,-3.276415,S01008972,Corstorphine - 03
EH12 6NH,55.943283,-3.278925,S01008972,Corstorphine - 03
EH12 6NN,55.942132,-3.278215,S01008973,Corstorphine - 04
EH12 6NP,55.941821,-3.276139,S01008973,Corstorphine - 04
EH12 6NQ,55.943558,-3.278390,S01008972,Corstorphine - 03
EH12 6NR,55.941660,-3.276022,S01008973,Corstorphine - 04
EH12 6NS,55.941707,-3.274950,S01008973,Corstorphine - 04
EH12 6NT,55.941537,-3.274945,S01008973,Corstorphine - 04
EH12 6NU,55.941617,-3.274115,S01008973,Corstorphine - 04
EH12 6NW,55.941754,-3.276521,S01008973,Corstorphine - 04
EH12 6NX,55.941483,-3.273198,S01008973,Corstorphine - 04
EH12 6NY,55.942354,-3.275820,S01008973,Corstorphine - 04
EH12 6NZ,55.942674,-3.277864,S01008972,Corstorphine - 03
EH12 6PA,55.942730,-3.280268,S01008972,Corstorphine - 03
EH12 6PG,55.946091,-3.248786,S01008881,Murrayfield and Ravelston - 01
EH12 6TS,55.942161,-3.269330,S01008973,Corstorphine - 04
EH12 6TX,55.943357,-3.261395,S01008881,Murrayfield and Ravelston - 01
EH12 6TZ,55.945382,-3.258387,S01008881,Murrayfield and Ravelston - 01
EH12 6UA,55.942742,-3.266947,S01008973,Corstorphine - 04
EH12 6UD,55.944484,-3.266219,S01008881,Murrayfield and Ravelston - 01
EH12 6UG,55.955916,-3.279854,S01008969,Corstorphine North - 03
EH12 6UH,55.955339,-3.281789,S01008969,Corstorphine North - 03
EH12 6UJ,55.954369,-3.279995,S01008969,Corstorphine North - 03
EH12 6UL,55.954665,-3.279220,S01008969,Corstorphine North - 03
EH12 6UN,55.954002,-3.279006,S01008969,Corstorphine North - 03
EH12 6UP,55.952031,-3.275850,S01008969,Corstorphine North - 03
EH12 6UQ,55.954818,-3.280875,S01008969,Corstorphine North - 03
EH12 6UR,55.950742,-3.279667,S01008969,Corstorphine North - 03
EH12 6UT,55.953002,-3.276699,S01008969,Corstorphine North - 03
EH12 6UU,55.949039,-3.280140,S01008969,Corstorphine North - 03
EH12 6UW,55.953423,-3.279339,S01008969,Corstorphine North - 03
EH12 6UX,55.949116,-3.277052,S01008969,Corstorphine North - 03
EH12 6UY,55.947996,-3.280201,S01008969,Corstorphine North - 03
EH12 6UZ,55.947812,-3.279763,S01008969,Corstorphine North - 03
EH12 6WF,55.928941,-3.302220,S01008990,South Gyle - 04
EH12 6XA,55.945896,-3.280853,S01008971,Corstorphine - 02
EH12 6XB,55.946000,-3.280312,S01008971,Corstorphine - 02
EH12 6XD,55.944557,-3.280888,S01008971,Corstorphine - 02
EH12 6XE,55.944723,-3.280462,S01008972,Corstorphine - 03
EH12 6XF,55.944004,-3.280486,S01008972,Corstorphine - 03
EH12 6XG,55.943173,-3.280923,S01008971,Corstorphine - 02
EH12 6XH,55.954391,-3.281309,S01008969,Corstorphine North - 03
EH12 6XJ,55.946818,-3.281219,S01008971,Corstorphine - 02
EH12 6XL,55.946127,-3.281052,S01008971,Corstorphine - 02
EH12 6XN,55.944799,-3.256526,S01008881,Murrayfield and Ravelston - 01
EH12 6XQ,55.943088,-3.280424,S01008972,Corstorphine - 03
EH12 7AA,55.942113,-3.279095,S01008977,Carrick Knowe - 01
EH12 7AB,55.942144,-3.279576,S01008977,Carrick Knowe - 01
EH12 7AD,55.941560,-3.279653,S01008977,Carrick Knowe - 01
EH12 7AE,55.941894,-3.278607,S01008977,Carrick Knowe - 01
EH12 7AF,55.941010,-3.278098,S01008977,Carrick Knowe - 01
EH12 7AG,55.941584,-3.296208,S01008988,South Gyle - 02
EH12 7AH,55.940961,-3.279281,S01008977,Carrick Knowe - 01
EH12 7AJ,55.940230,-3.278776,S01008977,Carrick Knowe - 01
EH12 7AL,55.940111,-3.274610,S01008977,Carrick Knowe - 01
EH12 7AN,55.940507,-3.275471,S01008977,Carrick Knowe - 01
EH12 7AP,55.940296,-3.269813,S01008973,Corstorphine - 04
EH12 7AR,55.941516,-3.272607,S01008973,Corstorphine - 04
EH12 7AS,55.941214,-3.272245,S01008973,Corstorphine - 04
EH12 7AU,55.941771,-3.268788,S01008973,Corstorphine - 04
EH12 7AW,55.940615,-3.270256,S01008973,Corstorphine - 04
EH12 7AX,55.941479,-3.268395,S01008973,Corstorphine - 04
EH12 7AY,55.942244,-3.265618,S01008973,Corstorphine - 04
EH12 7AZ,55.941852,-3.266133,S01008973,Corstorphine - 04
EH12 7BA,55.942248,-3.264353,S01008973,Corstorphine - 04
EH12 7BE,55.934066,-3.275324,S01008980,Carrick Knowe - 04
EH12 7BG,55.933809,-3.274979,S01008980,Carrick Knowe - 04
EH12 7BH,55.933814,-3.273603,S01008980,Carrick Knowe - 04
EH12 7BJ,55.934348,-3.272404,S01008980,Carrick Knowe - 04
EH12 7BL,55.933987,-3.272488,S01008980,Carrick Knowe - 04
EH12 7BN,55.934599,-3.270699,S01008979,Carrick Knowe - 03
EH12 7BP,55.935002,-3.269080,S01008979,Carrick Knowe - 03
EH12 7BQ,55.934082,-3.273756,S01008980,Carrick Knowe - 04
EH12 7BR,55.935304,-3.270338,S01008979,Carrick Knowe - 03
EH12 7BS,55.934844,-3.271363,S01008979,Carrick Knowe - 03
EH12 7BT,55.935053,-3.271947,S01008979,Carrick Knowe - 03
EH12 7BU,55.935497,-3.269016,S01008979,Carrick Knowe - 03
EH12 7BW,55.934411,-3.269733,S01008980,Carrick Knowe - 04
EH12 7BX,55.935029,-3.267304,S01008979,Carrick Knowe - 03
EH12 7BY,55.936081,-3.268090,S01008979,Carrick Knowe - 03
EH12 7BZ,55.935788,-3.268705,S01008979,Carrick Knowe - 03
EH12 7DA,55.936033,-3.269353,S01008979,Carrick Knowe - 03
EH12 7DB,55.935683,-3.271023,S01008979,Carrick Knowe - 03
EH12 7DD,55.937162,-3.268750,S01008978,Carrick Knowe - 02
EH12 7DE,55.936939,-3.269495,S01008978,Carrick Knowe - 02
EH12 7DF,55.938491,-3.269658,S01008978,Carrick Knowe - 02
EH12 7DG,55.938582,-3.270477,S01008978,Carrick Knowe - 02
EH12 7DH,55.939785,-3.270597,S01008973,Corstorphine - 04
EH12 7DJ,55.939903,-3.271321,S01008977,Carrick Knowe - 01
EH12 7DL,55.940075,-3.297807,S01008988,South Gyle - 02
EH12 7DN,55.939689,-3.296946,S01008988,South Gyle - 02
EH12 7DP,55.935724,-3.279204,S01008982,Corstorphine South - 02
EH12 7DQ,55.939496,-3.269803,S01008978,Carrick Knowe - 02
EH12 7DR,55.934918,-3.278041,S01008982,Corstorphine South - 02
EH12 7DS,55.934159,-3.276736,S01008982,Corstorphine South - 02
EH12 7DT,55.933582,-3.275228,S01008982,Corstorphine South - 02
EH12 7DU,55.934229,-3.276050,S01008980,Carrick Knowe - 04
EH12 7DW,55.941214,-3.297205,S01008988,South Gyle - 02
EH12 7DX,55.934708,-3.275825,S01008980,Carrick Knowe - 04
EH12 7DZ,55.934578,-3.274476,S01008980,Carrick Knowe - 04
EH12 7EA,55.935107,-3.274542,S01008980,Carrick Knowe - 04
EH12 7EB,55.934646,-3.273118,S01008980,Carrick Knowe - 04
EH12 7ED,55.935432,-3.273560,S01008980,Carrick Knowe - 04
EH12 7EE,55.935671,-3.273872,S01008980,Carrick Knowe - 04
EH12 7EF,55.935989,-3.274395,S01008980,Carrick Knowe - 04
EH12 7EG,55.936720,-3.275027,S01008980,Carrick Knowe - 04
EH12 7EH,55.936273,-3.273892,S01008980,Carrick Knowe - 04
EH12 7EJ,55.936448,-3.273513,S01008980,Carrick Knowe - 04
EH12 7EL,55.937319,-3.272693,S01008978,Carrick Knowe - 02
EH12 7EN,55.937753,-3.270722,S01008978,Carrick Knowe - 02
EH12 7EP,55.937154,-3.270431,S01008978,Carrick Knowe - 02
EH12 7EQ,55.936869,-3.274519,S01008980,Carrick Knowe - 04
EH12 7ER,55.936547,-3.270026,S01008979,Carrick Knowe - 03
EH12 7ES,55.936322,-3.271796,S01008979,Carrick Knowe - 03
EH12 7ET,55.935603,-3.272621,S01008980,Carrick Knowe - 04
EH12 7EU,55.935215,-3.272816,S01008980,Carrick Knowe - 04
EH12 7EW,55.937505,-3.270298,S01008978,Carrick Knowe - 02
EH12 7EX,55.934543,-3.271738,S01008979,Carrick Knowe - 03
EH12 7EY,55.934644,-3.272397,S01008980,Carrick Knowe - 04
EH12 7FA,55.940581,-3.267389,S01008973,Corstorphine - 04
EH12 7FB,55.940618,-3.266477,S01008973,Corstorphine - 04
EH12 7FD,55.940807,-3.297479,S01008988,South Gyle - 02
EH12 7FE,55.940763,-3.296485,S01008988,South Gyle - 02
EH12 7FF,55.940646,-3.296513,S01008988,South Gyle - 02
EH12 7FG,55.940368,-3.296456,S01008988,South Gyle - 02
EH12 7FH,55.940171,-3.296353,S01008988,South Gyle - 02
EH12 7FJ,55.940678,-3.268449,S01008973,Corstorphine - 04
EH12 7FL,55.940589,-3.268398,S01008973,Corstorphine - 04
EH12 7FN,55.940526,-3.268396,S01008973,Corstorphine - 04
EH12 7HD,55.941917,-3.281538,S01008975,Corstorphine - 06
EH12 7HF,55.940698,-3.282170,S01008975,Corstorphine - 06
EH12 7HG,55.940249,-3.282075,S01008975,Corstorphine - 06
EH12 7HH,55.940398,-3.279855,S01008977,Carrick Knowe - 01
EH12 7HJ,55.940007,-3.279489,S01008977,Carrick Knowe - 01
EH12 7HL,55.939554,-3.280691,S01008976,Corstorphine - 07
EH12 7HN,55.938679,-3.280134,S01008976,Corstorphine - 07
EH12 7HP,55.939076,-3.278226,S01008976,Corstorphine - 07
EH12 7HQ,55.940284,-3.281372,S01008977,Carrick Knowe - 01
EH12 7HR,55.939612,-3.274257,S01008977,Carrick Knowe - 01
EH12 7HS,55.939276,-3.273702,S01008977,Carrick Knowe - 01
EH12 7HT,55.938995,-3.276590,S01008976,Corstorphine - 07
EH12 7HU,55.938394,-3.275626,S01008977,Carrick Knowe - 01
EH12 7HW,55.939280,-3.279353,S01008976,Corstorphine - 07
EH12 7HX,55.938308,-3.276104,S01008981,Corstorphine South - 01
EH12 7HY,55.938658,-3.277860,S01008976,Corstorphine - 07
EH12 7HZ,55.938316,-3.277897,S01008981,Corstorphine South - 01
EH12 7JA,55.937822,-3.279642,S01008976,Corstorphine - 07
EH12 7JB,55.936600,-3.278753,S01008981,Corstorphine South - 01
EH12 7JD,55.937577,-3.278961,S01008981,Corstorphine South - 01
EH12 7JE,55.937902,-3.277131,S01008981,Corstorphine South - 01
EH12 7JF,55.937624,-3.275281,S01008981,Corstorphine South - 01
EH12 7JG,55.937225,-3.274851,S01008980,Carrick Knowe - 04
EH12 7JH,55.936940,-3.277131,S01008981,Corstorphine South - 01
EH12 7JJ,55.939701,-3.282105,S01008975,Corstorphine - 06
EH12 7JN,55.936073,-3.279344,S01008981,Corstorphine South - 01
EH12 7JP,55.935115,-3.282402,S01008981,Corstorphine South - 01
EH12 7JQ,55.937239,-3.276917,S01008981,Corstorphine South - 01
EH12 7JR,55.936710,-3.283671,S01008981,Corstorphine South - 01
EH12 7JS,55.935825,-3.281593,S01008981,Corstorphine South - 01
EH12 7JT,55.936336,-3.281626,S01008981,Corstorphine South - 01
EH12 7JU,55.936948,-3.279821,S01008981,Corstorphine South - 01
EH12 7JW,55.935668,-3.282836,S01008981,Corstorphine South - 01
EH12 7JX,55.937689,-3.280310,S01008981,Corstorphine South - 01
EH12 7JY,55.938044,-3.281554,S01008976,Corstorphine - 07
EH12 7JZ,55.936893,-3.281708,S01008981,Corstorphine South - 01
EH12 7LA,55.937386,-3.282669,S01008976,Corstorphine - 07
EH12 7LB,55.937288,-3.284331,S01008981,Corstorphine South - 01
EH12 7LD,55.938618,-3.280789,S01008976,Corstorphine - 07
EH12 7LE,55.938663,-3.283400,S01008976,Corstorphine - 07
EH12 7LF,55.938252,-3.283178,S01008976,Corstorphine - 07
EH12 7LG,55.939962,-3.286372,S01008975,Corstorphine - 06
EH12 7LH,55.938369,-3.286576,S01008976,Corstorphine - 07
EH12 7LJ,55.937345,-3.284893,S01008981,Corstorphine South - 01
EH12 7LL,55.936153,-3.283701,S01008981,Corstorphine South - 01
EH12 7LN,55.935642,-3.284484,S01008981,Corstorphine South - 01
EH12 7LP,55.935741,-3.280165,S01008981,Corstorphine South - 01
EH12 7LQ,55.938612,-3.287400,S01008976,Corstorphine - 07
EH12 7LS,55.933133,-3.276878,S01008982,Corstorphine South - 02
EH12 7LT,55.933734,-3.276978,S01008982,Corstorphine South - 02
EH12 7LU,55.932934,-3.279608,S01008982,Corstorphine South - 02
EH12 7LW,55.935053,-3.284081,S01008984,Corstorphine South - 04
EH12 7LX,55.933287,-3.279316,S01008982,Corstorphine South - 02
EH12 7LY,55.933886,-3.279608,S01008982,Corstorphine South - 02
EH12 7LZ,55.933403,-3.278535,S01008982,Corstorphine South - 02
EH12 7NA,55.934092,-3.277998,S01008982,Corstorphine South - 02
EH12 7NB,55.934343,-3.278086,S01008982,Corstorphine South - 02
EH12 7ND,55.934725,-3.279315,S01008982,Corstorphine South - 02
EH12 7NE,55.934163,-3.279841,S01008982,Corstorphine South - 02
EH12 7NF,55.934601,-3.280064,S01008982,Corstorphine South - 02
EH12 7NG,55.935339,-3.279047,S01008982,Corstorphine South - 02
EH12 7NH,55.934710,-3.280772,S01008982,Corstorphine South - 02
EH12 7NJ,55.933737,-3.281012,S01008984,Corstorphine South - 04
EH12 7NL,55.934032,-3.281133,S01008984,Corstorphine South - 04
EH12 7NN,55.934445,-3.282059,S01008984,Corstorphine South - 04
EH12 7NP,55.934207,-3.282468,S01008984,Corstorphine South - 04
EH12 7NQ,55.935568,-3.279471,S01008982,Corstorphine South - 02
EH12 7NR,55.934826,-3.283401,S01008984,Corstorphine South - 04
EH12 7NS,55.934578,-3.283985,S01008985,Corstorphine South - 05
EH12 7NT,55.934252,-3.284166,S01008984,Corstorphine South - 04
EH12 7NW,55.933751,-3.282261,S01008984,Corstorphine South - 04
EH12 7NY,55.933895,-3.283930,S01008984,Corstorphine South - 04
EH12 7NZ,55.933028,-3.281837,S01008984,Corstorphine South - 04
EH12 7PA,55.933689,-3.284756,S01008984,Corstorphine South - 04
EH12 7PB,55.935750,-3.285304,S01008985,Corstorphine South - 05
EH12 7PD,55.936396,-3.285422,S01008986,Corstorphine South - 06
EH12 7PE,55.935351,-3.286540,S01008986,Corstorphine South - 06
EH12 7PF,55.934787,-3.286281,S01008985,Corstorphine South - 05
EH12 7PG,55.934401,-3.286236,S01008985,Corstorphine South - 05
EH12 7PH,55.936117,-3.287974,S01008986,Corstorphine South - 06
EH12 7PJ,55.936262,-3.287034,S01008986,Corstorphine South - 06
EH12 7PL,55.936986,-3.285681,S01008986,Corstorphine South - 06
EH12 7PN,55.937606,-3.286518,S01008986,Corstorphine South - 06
EH12 7PP,55.938262,-3.289086,S01008986,Corstorphine South - 06
EH12 7PQ,55.935398,-3.287998,S01008985,Corstorphine South - 05
EH12 7PR,55.938077,-3.291353,S01008987,South Gyle - 01
EH12 7PS,55.937847,-3.290977,S01008986,Corstorphine South - 06
EH12 7PT,55.937581,-3.290648,S01008986,Corstorphine South - 06
EH12 7PU,55.937832,-3.289007,S01008986,Corstorphine South - 06
EH12 7PW,55.937948,-3.287346,S01008986,Corstorphine South - 06
EH12 7PX,55.936941,-3.290002,S01008986,Corstorphine South - 06
EH12 7PY,55.937023,-3.288164,S01008986,Corstorphine South - 06
EH12 7PZ,55.936425,-3.289473,S01008986,Corstorphine South - 06
EH12 7QA,55.936804,-3.287596,S01008986,Corstorphine South - 06
EH12 7QB,55.936016,-3.289027,S01008985,Corstorphine South - 05
EH12 7QD,55.936155,-3.289528,S01008985,Corstorphine South - 05
EH12 7QH,55.936533,-3.290293,S01008986,Corstorphine South - 06
EH12 7QJ,55.937334,-3.291024,S01008986,Corstorphine South - 06
EH12 7QL,55.938074,-3.291593,S01008987,South Gyle - 01
EH12 7QN,55.938774,-3.292529,S01008987,South Gyle - 01
EH12 7QP,55.937439,-3.292164,S01008987,South Gyle - 01
EH12 7QQ,55.935618,-3.289302,S01008985,Corstorphine South - 05
EH12 7QR,55.936033,-3.290852,S01008985,Corstorphine South - 05
EH12 7QS,55.934965,-3.290769,S01008987,South Gyle - 01
EH12 7QT,55.935888,-3.291888,S01008987,South Gyle - 01
EH12 7QU,55.936653,-3.291754,S01008987,South Gyle - 01
EH12 7QW,55.938488,-3.293287,S01008987,South Gyle - 01
EH12 7QX,55.936911,-3.292018,S01008987,South Gyle - 01
EH12 7QY,55.937141,-3.293147,S01008987,South Gyle - 01
EH12 7QZ,55.936568,-3.292983,S01008987,South Gyle - 01
EH12 7RA,55.936905,-3.294211,S01008987,South Gyle - 01
EH12 7RB,55.936200,-3.293820,S01008987,South Gyle - 01
EH12 7RD,55.936024,-3.293478,S01008987,South Gyle - 01
EH12 7RE,55.936372,-3.292769,S01008987,South Gyle - 01
EH12 7RF,55.935445,-3.292994,S01008987,South Gyle - 01
EH12 7RG,55.935753,-3.294445,S01008987,South Gyle - 01
EH12 7RH,55.936956,-3.296278,S01008987,South Gyle - 01
EH12 7RJ,55.936564,-3.295096,S01008987,South Gyle - 01
EH12 7RL,55.937311,-3.294961,S01008987,South Gyle - 01
EH12 7RN,55.937399,-3.295941,S01008988,South Gyle - 02
EH12 7RP,55.937898,-3.292980,S01008987,South Gyle - 01
EH12 7RQ,55.936164,-3.296348,S01008987,South Gyle - 01
EH12 7RR,55.938072,-3.293530,S01008988,South Gyle - 02
EH12 7RS,55.938305,-3.294370,S01008988,South Gyle - 02
EH12 7RT,55.937900,-3.295365,S01008987,South Gyle - 01
EH12 7RU,55.938920,-3.294022,S01008988,South Gyle - 02
EH12 7RW,55.937591,-3.293946,S01008987,South Gyle - 01
EH12 7RY,55.939543,-3.294619,S01008988,South Gyle - 02
EH12 7RZ,55.937643,-3.298430,S01008988,South Gyle - 02
EH12 7SA,55.937183,-3.297678,S01008988,South Gyle - 02
EH12 7SB,55.942387,-3.280401,S01008975,Corstorphine - 06
EH12 7SD,55.942582,-3.282424,S01008974,Corstorphine - 05
EH12 7SF,55.942301,-3.282687,S01008974,Corstorphine - 05
EH12 7SG,55.942046,-3.282070,S01008974,Corstorphine - 05
EH12 7SH,55.941818,-3.283280,S01008974,Corstorphine - 05
EH12 7SJ,55.942732,-3.283502,S01008974,Corstorphine - 05
EH12 7SL,55.942686,-3.284493,S01008974,Corstorphine - 05
EH12 7SN,55.942633,-3.285308,S01008974,Corstorphine - 05
EH12 7SP,55.941818,-3.284977,S01008974,Corstorphine - 05
EH12 7SQ,55.941418,-3.282866,S01008974,Corstorphine - 05
EH12 7SR,55.941111,-3.283881,S01008975,Corstorphine - 06
EH12 7SS,55.941042,-3.284439,S01008974,Corstorphine - 05
EH12 7ST,55.940843,-3.282847,S01008975,Corstorphine - 06
EH12 7SU,55.940527,-3.283013,S01008975,Corstorphine - 06
EH12 7SW,55.941718,-3.284285,S01008974,Corstorphine - 05
EH12 7SX,55.939819,-3.282877,S01008975,Corstorphine - 06
EH12 7SY,55.940535,-3.284854,S01008975,Corstorphine - 06
EH12 7SZ,55.940070,-3.285447,S01008975,Corstorphine - 06
EH12 7TA,55.939214,-3.288285,S01008975,Corstorphine - 06
EH12 7TB,55.940228,-3.290175,S01008975,Corstorphine - 06
EH12 7TD,55.939255,-3.289487,S01008975,Corstorphine - 06
EH12 7TE,55.938944,-3.290917,S01008975,Corstorphine - 06
EH12 7TG,55.942725,-3.287601,S01008974,Corstorphine - 05
EH12 7TH,55.942243,-3.287360,S01008974,Corstorphine - 05
EH12 7TJ,55.942158,-3.287774,S01008974,Corstorphine - 05
EH12 7TL,55.942038,-3.287146,S01008974,Corstorphine - 05
EH12 7TN,55.942508,-3.286104,S01008974,Corstorphine - 05
EH12 7TP,55.941438,-3.287030,S01008974,Corstorphine - 05
EH12 7TQ,55.942564,-3.288460,S01008974,Corstorphine - 05
EH12 7TR,55.941503,-3.285895,S01008974,Corstorphine - 05
EH12 7TS,55.940879,-3.286307,S01008975,Corstorphine - 06
EH12 7TT,55.941723,-3.287247,S01008974,Corstorphine - 05
EH12 7TU,55.941709,-3.287679,S01008974,Corstorphine - 05
EH12 7TW,55.941860,-3.286147,S01008974,Corstorphine - 05
EH12 7TX,55.941846,-3.288372,S01008974,Corstorphine - 05
EH12 7TY,55.942220,-3.290402,S01008974,Corstorphine - 05
EH12 7TZ,55.941946,-3.292554,S01008974,Corstorphine - 05
EH12 7UF,55.941501,-3.294653,S01008988,South Gyle - 02
EH12 7UG,55.939365,-3.297879,S01008988,South Gyle - 02
EH12 7UH,55.939469,-3.292264,S01008975,Corstorphine - 06
EH12 7UJ,55.940648,-3.292015,S01008988,South Gyle - 02
EH12 7UL,55.941289,-3.290067,S01008974,Corstorphine - 05
EH12 7UN,55.940752,-3.288128,S01008975,Corstorphine - 06
EH12 7UP,55.941243,-3.287599,S01008975,Corstorphine - 06
EH12 7UQ,55.940892,-3.292823,S01008988,South Gyle - 02
EH12 7UR,55.940354,-3.290084,S01008975,Corstorphine - 06
EH12 7US,55.940717,-3.298293,S01008988,South Gyle - 02
EH12 7UU,55.942882,-3.286405,S01008974,Corstorphine - 05
EH12 7UY,55.940321,-3.282926,S01008975,Corstorphine - 06
EH12 7UZ,55.943024,-3.287450,S01008974,Corstorphine - 05
EH12 7XA,55.942966,-3.287785,S01008974,Corstorphine - 05
EH12 7XD,55.942958,-3.289418,S01008974,Corstorphine - 05
EH12 7XF,55.942643,-3.291200,S01008974,Corstorphine - 05
EH12 7XH,55.936860,-3.299348,S01008988,South Gyle - 02
EH12 7XP,55.941411,-3.277502,S01008973,Corstorphine - 04
EH12 7XR,55.941019,-3.274576,S01008973,Corstorphine - 04
EH12 8AA,55.943664,-3.282092,S01008970,Corstorphine - 01
EH12 8AB,55.944052,-3.281928,S01008970,Corstorphine - 01
EH12 8AD,55.944293,-3.284610,S01008970,Corstorphine - 01
EH12 8AE,55.944649,-3.284958,S01008970,Corstorphine - 01
EH12 8AF,55.944985,-3.287211,S01008970,Corstorphine - 01
EH12 8AG,55.945487,-3.287324,S01008970,Corstorphine - 01
EH12 8AH,55.944791,-3.287685,S01008970,Corstorphine - 01
EH12 8AJ,55.944153,-3.286879,S01008970,Corstorphine - 01
EH12 8AL,55.943632,-3.286014,S01008970,Corstorphine - 01
EH12 8AN,55.948286,-3.313198,S01008960,East Craigs South - 01
EH12 8AP,55.943484,-3.283799,S01008970,Corstorphine - 01
EH12 8AQ,55.945548,-3.288383,S01008970,Corstorphine - 01
EH12 8AR,55.947830,-3.308843,S01008960,East Craigs South - 01
EH12 8AS,55.948700,-3.310666,S01008960,East Craigs South - 01
EH12 8AT,55.942903,-3.281762,S01008970,Corstorphine - 01
EH12 8AU,55.947360,-3.309884,S01008960,East Craigs South - 01
EH12 8AW,55.943873,-3.284420,S01008970,Corstorphine - 01
EH12 8AX,55.943109,-3.284475,S01008970,Corstorphine - 01
EH12 8AY,55.943172,-3.285246,S01008970,Corstorphine - 01
EH12 8AZ,55.943284,-3.287459,S01008970,Corstorphine - 01
EH12 8BA,55.944232,-3.287907,S01008970,Corstorphine - 01
EH12 8BB,55.945322,-3.288503,S01008970,Corstorphine - 01
EH12 8BD,55.944352,-3.288439,S01008970,Corstorphine - 01
EH12 8BE,55.943499,-3.288363,S01008970,Corstorphine - 01
EH12 8BF,55.947736,-3.311690,S01008960,East Craigs South - 01
EH12 8BG,55.943574,-3.288093,S01008970,Corstorphine - 01
EH12 8BH,55.945634,-3.300683,S01008962,East Craigs South - 03
EH12 8BJ,55.946225,-3.300879,S01008962,East Craigs South - 03
EH12 8BL,55.946960,-3.301000,S01008962,East Craigs South - 03
EH12 8BN,55.946981,-3.298214,S01008965,East Craigs South - 06
EH12 8BP,55.947543,-3.301163,S01008965,East Craigs South - 06
EH12 8BQ,55.946894,-3.319876,S01008993,"Ratho, Ingliston and Gogar - 01"
EH12 8BR,55.948170,-3.301296,S01008965,East Craigs South - 06
EH12 8BS,55.947735,-3.298255,S01008965,East Craigs South - 06
EH12 8BT,55.948095,-3.298219,S01008965,East Craigs South - 06
EH12 8BU,55.948410,-3.300664,S01008965,East Craigs South - 06
EH12 8BW,55.947296,-3.298129,S01008965,East Craigs South - 06
EH12 8BX,55.949056,-3.300846,S01008966,East Craigs South - 07
EH12 8BY,55.949665,-3.301026,S01008966,East Craigs South - 07
EH12 8BZ,55.950247,-3.301142,S01008966,East Craigs South - 07
EH12 8DA,55.950712,-3.301350,S01008966,East Craigs South - 07
EH12 8DB,55.949840,-3.298886,S01008966,East Craigs South - 07
EH12 8DD,55.949632,-3.296493,S01008965,East Craigs South - 06
EH12 8DE,55.949178,-3.298560,S01008966,East Craigs South - 07
EH12 8DF,55.949015,-3.296200,S01008965,East Craigs South - 06
EH12 8DG,55.948506,-3.298441,S01008965,East Craigs South - 06
EH12 8DH,55.950356,-3.296838,S01008965,East Craigs South - 06
EH12 8DJ,55.950816,-3.299207,S01008966,East Craigs South - 07
EH12 8DL,55.951660,-3.297554,S01008966,East Craigs South - 07
EH12 8DN,55.952807,-3.298681,S01008966,East Craigs South - 07
EH12 8DQ,55.948219,-3.295838,S01008965,East Craigs South - 06
EH12 8DR,55.946821,-3.294654,S01008965,East Craigs South - 06
EH12 8DS,55.943386,-3.293979,S01008964,East Craigs South - 05
EH12 8DT,55.946130,-3.294535,S01008965,East Craigs South - 06
EH12 8DW,55.952710,-3.297669,S01008966,East Craigs South - 07
EH12 8DX,55.947100,-3.295384,S01008965,East Craigs South - 06
EH12 8DY,55.946655,-3.295833,S01008965,East Craigs South - 06
EH12 8DZ,55.946412,-3.295105,S01008965,East Craigs South - 06
EH12 8EA,55.946571,-3.297912,S01008965,East Craigs South - 06
EH12 8EB,55.946247,-3.297933,S01008965,East Craigs South - 06
EH12 8ED,55.945783,-3.295036,S01008965,East Craigs South - 06
EH12 8EE,55.945826,-3.297823,S01008965,East Craigs South - 06
EH12 8EF,55.945519,-3.297925,S01008962,East Craigs South - 03
EH12 8EG,55.945189,-3.295176,S01008965,East Craigs South - 06
EH12 8EH,55.944366,-3.294780,S01008965,East Craigs South - 06
EH12 8EJ,55.944579,-3.296741,S01008965,East Craigs South - 06
EH12 8EL,55.944974,-3.296754,S01008965,East Craigs South - 06
EH12 8EN,55.945203,-3.298939,S01008962,East Craigs South - 03
EH12 8EP,55.944370,-3.301249,S01008964,East Craigs South - 05
EH12 8EQ,55.944830,-3.295100,S01008965,East Craigs South - 06
EH12 8ER,55.943220,-3.301179,S01008964,East Craigs South - 05
EH12 8ES,55.942385,-3.301167,S01008988,South Gyle - 02
EH12 8ET,55.942424,-3.301760,S01008963,East Craigs South - 04
EH12 8EU,55.943115,-3.301783,S01008964,East Craigs South - 05
EH12 8EW,55.944913,-3.299170,S01008962,East Craigs South - 03
EH12 8EX,55.944471,-3.301845,S01008964,East Craigs South - 05
EH12 8EY,55.944674,-3.300571,S01008962,East Craigs South - 03
EH12 8EZ,55.944635,-3.299993,S01008964,East Craigs South - 05
EH12 8FA,55.947043,-3.318536,S01008993,"Ratho, Ingliston and Gogar - 01"
EH12 8FB,55.946877,-3.317266,S01008993,"Ratho, Ingliston and Gogar - 01"
EH12 8FD,55.947076,-3.316296,S01008993,"Ratho, Ingliston and Gogar - 01"
EH12 8FE,55.946497,-3.315860,S01008993,"Ratho, Ingliston and Gogar - 01"
EH12 8FF,55.945755,-3.315514,S01008993,"Ratho, Ingliston and Gogar - 01"
EH12 8FG,55.945168,-3.315735,S01008993,"Ratho, Ingliston and Gogar - 01"
EH12 8FL,55.946377,-3.317809,S01008993,"Ratho, Ingliston and Gogar - 01"
EH12 8FN,55.944893,-3.314572,S01008993,"Ratho, Ingliston and Gogar - 01"
EH12 8FP,55.943698,-3.315445,S01008993,"Ratho, Ingliston and Gogar - 01"
EH12 8FQ,55.944149,-3.316116,S01008993,"Ratho, Ingliston and Gogar - 01"
EH12 8FR,55.947523,-3.319914,S01008993,"Ratho, Ingliston and Gogar - 01"
EH12 8GB,55.946380,-3.306601,S01008962,East Craigs South - 03
EH12 8GD,55.946363,-3.305671,S01008962,East Craigs South - 03
EH12 8GE,55.946857,-3.305656,S01008962,East Craigs South - 03
EH12 8GF,55.946906,-3.306122,S01008962,East Craigs South - 03
EH12 8GG,55.946935,-3.306779,S01008962,East Craigs South - 03
EH12 8GH,55.947692,-3.308230,S01008961,East Craigs South - 02
EH12 8GL,55.947780,-3.306760,S01008961,East Craigs South - 02
EH12 8GN,55.947327,-3.307962,S01008961,East Craigs South - 02
EH12 8GP,55.947231,-3.306789,S01008961,East Craigs South - 02
EH12 8GR,55.946825,-3.307801,S01008961,East Craigs South - 02
EH12 8GZ,55.938976,-3.303198,S01008988,South Gyle - 02
EH12 8HA,55.943443,-3.300514,S01008964,East Craigs South - 05
EH12 8HB,55.943701,-3.299962,S01008964,East Craigs South - 05
EH12 8HD,55.943607,-3.298646,S01008964,East Craigs South - 05
EH12 8HE,55.942258,-3.300474,S01008964,East Craigs South - 05
EH12 8HF,55.942344,-3.299916,S01008988,South Gyle - 02
EH12 8HG,55.947657,-3.295467,S01008965,East Craigs South - 06
EH12 8HJ,55.945803,-3.309303,S01008960,East Craigs South - 01
EH12 8HL,55.942594,-3.294961,S01008964,East Craigs South - 05
EH12 8HN,55.942355,-3.297211,S01008964,East Craigs South - 05
EH12 8HP,55.942556,-3.295152,S01008964,East Craigs South - 05
EH12 8HR,55.942867,-3.296363,S01008964,East Craigs South - 05
EH12 8HS,55.942547,-3.298610,S01008964,East Craigs South - 05
EH12 8HT,55.943804,-3.296107,S01008964,East Craigs South - 05
EH12 8HU,55.944142,-3.299016,S01008964,East Craigs South - 05
EH12 8HW,55.941977,-3.296366,S01008964,East Craigs South - 05
EH12 8HX,55.944753,-3.298172,S01008965,East Craigs South - 06
EH12 8HY,55.943065,-3.294609,S01008964,East Craigs South - 05
EH12 8JA,55.945564,-3.312321,S01008960,East Craigs South - 01
EH12 8JB,55.941542,-3.306918,S01008963,East Craigs South - 04
EH12 8JD,55.942258,-3.307214,S01008963,East Craigs South - 04
EH12 8JE,55.942292,-3.306575,S01008963,East Craigs South - 04
EH12 8JF,55.942948,-3.307430,S01008963,East Craigs South - 04
EH12 8JG,55.943476,-3.307624,S01008963,East Craigs South - 04
EH12 8JH,55.944296,-3.304849,S01008963,East Craigs South - 04
EH12 8JJ,55.943994,-3.304535,S01008963,East Craigs South - 04
EH12 8JL,55.943482,-3.307047,S01008963,East Craigs South - 04
EH12 8JN,55.943589,-3.304553,S01008963,East Craigs South - 04
EH12 8JP,55.943070,-3.306905,S01008963,East Craigs South - 04
EH12 8JQ,55.943743,-3.307841,S01008963,East Craigs South - 04
EH12 8JR,55.942627,-3.304585,S01008963,East Craigs South - 04
EH12 8JS,55.942020,-3.302579,S01008963,East Craigs South - 04
EH12 8JT,55.941922,-3.304962,S01008963,East Craigs South - 04
EH12 8JU,55.941670,-3.308459,S01008963,East Craigs South - 04
EH12 8JW,55.943314,-3.304256,S01008963,East Craigs South - 04
EH12 8JX,55.941421,-3.309043,S01008993,"Ratho, Ingliston and Gogar - 01"
EH12 8JY,55.941503,-3.311416,S01008993,"Ratho, Ingliston and Gogar - 01"
EH12 8JZ,55.942531,-3.310218,S01008963,East Craigs South - 04
EH12 8LA,55.942674,-3.311984,S01008993,"Ratho, Ingliston and Gogar - 01"
EH12 8LB,55.943117,-3.310125,S01008963,East Craigs South - 04
EH12 8LD,55.943623,-3.309790,S01008963,East Craigs South - 04
EH12 8LE,55.943129,-3.308092,S01008963,East Craigs South - 04
EH12 8LF,55.943417,-3.311464,S01008993,"Ratho, Ingliston and Gogar - 01"
EH12 8LG,55.941560,-3.307767,S01008963,East Craigs South - 04
EH12 8LH,55.940969,-3.305026,S01008988,South Gyle - 02
EH12 8LJ,55.941194,-3.302471,S01008988,South Gyle - 02
EH12 8LL,55.941492,-3.299744,S01008988,South Gyle - 02
EH12 8LN,55.942054,-3.299314,S01008988,South Gyle - 02
EH12 8LP,55.941528,-3.304020,S01008963,East Craigs South - 04
EH12 8LQ,55.942365,-3.308115,S01008963,East Craigs South - 04
EH12 8LR,55.941283,-3.307678,S01008993,"Ratho, Ingliston and Gogar - 01"
EH12 8LS,55.940970,-3.311734,S01008993,"Ratho, Ingliston and Gogar - 01"
EH12 8LU,55.940023,-3.313767,S01008992,South Gyle - 06
EH12 8LW,55.941821,-3.300972,S01008988,South Gyle - 02
EH12 8LX,55.941097,-3.315020,S01008993,"Ratho, Ingliston and Gogar - 01"
EH12 8LY,55.941244,-3.314641,S01008993,"Ratho, Ingliston and Gogar - 01"
EH12 8LZ,55.942559,-3.316094,S01008993,"Ratho, Ingliston and Gogar - 01"
EH12 8NA,55.943306,-3.315063,S01008993,"Ratho, Ingliston and Gogar - 01"
EH12 8NB,55.942492,-3.313963,S01008993,"Ratho, Ingliston and Gogar - 01"
EH12 8ND,55.941897,-3.316632,S01008993,"Ratho, Ingliston and Gogar - 01"
EH12 8NE,55.941316,-3.313827,S01008993,"Ratho, Ingliston and Gogar - 01"
EH12 8NF,55.940103,-3.312105,S01008992,South Gyle - 06
EH12 8NG,55.940007,-3.307683,S01008992,South Gyle - 06
EH12 8NH,55.946448,-3.307836,S01008960,East Craigs South - 01
EH12 8NL,55.949031,-3.313287,S01008960,East Craigs South - 01
EH12 8NN,55.945096,-3.304812,S01008960,East Craigs South - 01
EH12 8NQ,55.938972,-3.308657,S01008992,South Gyle - 06
EH12 8NS,55.946582,-3.308689,S01008960,East Craigs South - 01
EH12 8NU,55.940082,-3.308998,S01008992,South Gyle - 06
EH12 8NX,55.942085,-3.313357,S01008993,"Ratho, Ingliston and Gogar - 01"
EH12 8PE,55.950913,-3.283949,S01008968,Corstorphine North - 02
EH12 8PG,55.951675,-3.280755,S01008969,Corstorphine North - 03
EH12 8PH,55.950688,-3.282260,S01008968,Corstorphine North - 02
EH12 8PJ,55.950789,-3.281206,S01008969,Corstorphine North - 03
EH12 8PL,55.951349,-3.280104,S01008969,Corstorphine North - 03
EH12 8PN,55.950637,-3.280320,S01008969,Corstorphine North - 03
EH12 8PP,55.949116,-3.282224,S01008968,Corstorphine North - 02
EH12 8PQ,55.951310,-3.281223,S01008969,Corstorphine North - 03
EH12 8PR,55.949209,-3.282771,S01008968,Corstorphine North - 02
EH12 8PS,55.949043,-3.284944,S01008968,Corstorphine North - 02
EH12 8PT,55.949022,-3.287842,S01008968,Corstorphine North - 02
EH12 8PU,55.949290,-3.287979,S01008968,Corstorphine North - 02
EH12 8PW,55.949082,-3.281166,S01008969,Corstorphine North - 03
EH12 8PX,55.950264,-3.289324,S01008968,Corstorphine North - 02
EH12 8PY,55.950136,-3.287863,S01008968,Corstorphine North - 02
EH12 8PZ,55.950467,-3.287922,S01008968,Corstorphine North - 02
EH12 8QA,55.951085,-3.288150,S01008968,Corstorphine North - 02
EH12 8QB,55.951946,-3.283166,S01008968,Corstorphine North - 02
EH12 8QD,55.952125,-3.283220,S01008968,Corstorphine North - 02
EH12 8QE,55.946583,-3.282172,S01008970,Corstorphine - 01
EH12 8QF,55.946456,-3.285707,S01008970,Corstorphine - 01
EH12 8QG,55.946794,-3.285206,S01008970,Corstorphine - 01
EH12 8QH,55.947613,-3.285105,S01008968,Corstorphine North - 02
EH12 8QJ,55.947731,-3.288359,S01008967,Corstorphine North - 01
EH12 8QL,55.947362,-3.288411,S01008968,Corstorphine North - 02
EH12 8QN,55.947658,-3.291095,S01008967,Corstorphine North - 01
EH12 8QP,55.947025,-3.292323,S01008967,Corstorphine North - 01
EH12 8QQ,55.947218,-3.284995,S01008968,Corstorphine North - 02
EH12 8QR,55.947695,-3.292714,S01008967,Corstorphine North - 01
EH12 8QS,55.948302,-3.293038,S01008967,Corstorphine North - 01
EH12 8QT,55.948393,-3.291200,S01008967,Corstorphine North - 01
EH12 8QU,55.948239,-3.287896,S01008968,Corstorphine North - 02
EH12 8QW,55.945920,-3.291422,S01008967,Corstorphine North - 01
EH12 8QX,55.948141,-3.284434,S01008968,Corstorphine North - 02
EH12 8QY,55.947820,-3.281637,S01008968,Corstorphine North - 02
EH12 8RA,55.945652,-3.281837,S01008970,Corstorphine - 01
EH12 8RB,55.945996,-3.284202,S01008970,Corstorphine - 01
EH12 8RD,55.945710,-3.285778,S01008970,Corstorphine - 01
EH12 8RE,55.944910,-3.284038,S01008970,Corstorphine - 01
EH12 8RF,55.945135,-3.286608,S01008970,Corstorphine - 01
EH12 8RG,55.946220,-3.287701,S01008967,Corstorphine North - 01
EH12 8RH,55.947153,-3.289541,S01008967,Corstorphine North - 01
EH12 8RJ,55.947929,-3.290031,S01008967,Corstorphine North - 01
EH12 8RL,55.947026,-3.288800,S01008967,Corstorphine North - 01
EH12 8RN,55.945689,-3.289444,S01008967,Corstorphine North - 01
EH12 8RP,55.944480,-3.289052,S01008970,Corstorphine - 01
EH12 8RQ,55.946530,-3.290641,S01008967,Corstorphine North - 01
EH12 8RR,55.944072,-3.290255,S01008970,Corstorphine - 01
EH12 8RS,55.944302,-3.290599,S01008970,Corstorphine - 01
EH12 8RT,55.943398,-3.291177,S01008970,Corstorphine - 01
EH12 8RU,55.943823,-3.291752,S01008967,Corstorphine North - 01
EH12 8RW,55.945898,-3.290076,S01008967,Corstorphine North - 01
EH12 8RX,55.943767,-3.292839,S01008967,Corstorphine North - 01
EH12 8RY,55.944574,-3.291297,S01008967,Corstorphine North - 01
EH12 8RZ,55.945357,-3.291099,S01008967,Corstorphine North - 01
EH12 8SA,55.945248,-3.292136,S01008967,Corstorphine North - 01
EH12 8SB,55.944475,-3.292142,S01008967,Corstorphine North - 01
EH12 8SD,55.945174,-3.293142,S01008967,Corstorphine North - 01
EH12 8SF,55.949113,-3.312313,S01008960,East Craigs South - 01
EH12 8SG,55.943403,-3.289849,S01008970,Corstorphine - 01
EH12 8SH,55.942966,-3.292972,S01008967,Corstorphine North - 01
EH12 8SJ,55.943252,-3.293126,S01008967,Corstorphine North - 01
EH12 8SL,55.944273,-3.293352,S01008967,Corstorphine North - 01
EH12 8SN,55.945132,-3.293717,S01008967,Corstorphine North - 01
EH12 8SP,55.946389,-3.293807,S01008967,Corstorphine North - 01
EH12 8SQ,55.943065,-3.292079,S01008967,Corstorphine North - 01
EH12 8SR,55.945976,-3.293825,S01008967,Corstorphine North - 01
EH12 8SS,55.947705,-3.294299,S01008967,Corstorphine North - 01
EH12 8ST,55.947712,-3.293611,S01008967,Corstorphine North - 01
EH12 8SU,55.948155,-3.294218,S01008967,Corstorphine North - 01
EH12 8SW,55.946188,-3.293288,S01008967,Corstorphine North - 01
EH12 8SX,55.948173,-3.295083,S01008965,East Craigs South - 06
EH12 8SY,55.948815,-3.293023,S01008967,Corstorphine North - 01
EH12 8SZ,55.948859,-3.294738,S01008967,Corstorphine North - 01
EH12 8TA,55.948942,-3.295445,S01008965,East Craigs South - 06
EH12 8TB,55.950291,-3.295330,S01008967,Corstorphine North - 01
EH12 8TD,55.950210,-3.296176,S01008965,East Craigs South - 06
EH12 8TE,55.951469,-3.294409,S01008953,Clermiston and Drumbrae - 06
EH12 8TF,55.950483,-3.293335,S01008967,Corstorphine North - 01
EH12 8TG,55.949489,-3.293862,S01008967,Corstorphine North - 01
EH12 8TH,55.951487,-3.296059,S01008953,Clermiston and Drumbrae - 06
EH12 8TJ,55.952696,-3.296420,S01008953,Clermiston and Drumbrae - 06
EH12 8TL,55.953187,-3.297637,S01008966,East Craigs South - 07
EH12 8TN,55.951739,-3.296900,S01008966,East Craigs South - 07
EH12 8TP,55.949655,-3.295117,S01008967,Corstorphine North - 01
EH12 8TQ,55.950418,-3.294342,S01008967,Corstorphine North - 01
EH12 8TW,55.951775,-3.296052,S01008953,Clermiston and Drumbrae - 06
EH12 8TZ,55.949892,-3.310066,S01008959,East Craigs North - 05
EH12 8UA,55.950258,-3.311183,S01008959,East Craigs North - 05
EH12 8UB,55.948686,-3.306902,S01008961,East Craigs South - 02
EH12 8UD,55.949789,-3.307068,S01008961,East Craigs South - 02
EH12 8UE,55.946420,-3.307002,S01008962,East Craigs South - 03
EH12 8UH,55.951063,-3.308968,S01008959,East Craigs North - 05
EH12 8UJ,55.951075,-3.310378,S01008959,East Craigs North - 05
EH12 8UL,55.945723,-3.303328,S01008962,East Craigs South - 03
EH12 8UN,55.946481,-3.303001,S01008962,East Craigs South - 03
EH12 8UP,55.952705,-3.304139,S01008958,East Craigs North - 04
EH12 8UQ,55.950496,-3.306483,S01008961,East Craigs South - 02
EH12 8UR,55.952036,-3.305382,S01008958,East Craigs North - 04
EH12 8UT,55.951177,-3.305849,S01008959,East Craigs North - 05
EH12 8UU,55.950288,-3.302424,S01008958,East Craigs North - 04
EH12 8UW,55.947313,-3.303285,S01008962,East Craigs South - 03
EH12 8UX,55.952453,-3.309255,S01008959,East Craigs North - 05
EH12 8UY,55.952720,-3.306910,S01008959,East Craigs North - 05
EH12 8UZ,55.951711,-3.308061,S01008959,East Craigs North - 05
EH12 8WS,55.952096,-3.284276,S01008968,Corstorphine North - 02
EH12 8WT,55.950778,-3.283192,S01008968,Corstorphine North - 02
EH12 8WU,55.951273,-3.285610,S01008968,Corstorphine North - 02
EH12 8WW,55.949761,-3.284119,S01008968,Corstorphine North - 02
EH12 8XA,55.952675,-3.308638,S01008959,East Craigs North - 05
EH12 8XB,55.951972,-3.309704,S01008959,East Craigs North - 05
EH12 8XD,55.953241,-3.301018,S01008958,East Craigs North - 04
EH12 8XE,55.952764,-3.301883,S01008958,East Craigs North - 04
EH12 8XF,55.952583,-3.302870,S01008958,East Craigs North - 04
EH12 8XG,55.954145,-3.306462,S01008956,East Craigs North - 02
EH12 8XH,55.954416,-3.303780,S01008957,East Craigs North - 03
EH12 8XJ,55.953597,-3.305610,S01008956,East Craigs North - 02
EH12 8XL,55.954069,-3.304265,S01008957,East Craigs North - 03
EH12 8XN,55.951778,-3.299992,S01008966,East Craigs South - 07
EH12 8XP,55.951360,-3.303806,S01008958,East Craigs North - 04
EH12 8XQ,55.947552,-3.301996,S01008965,East Craigs South - 06
EH12 8XR,55.949061,-3.302912,S01008958,East Craigs North - 04
EH12 8XS,55.948562,-3.301662,S01008958,East Craigs North - 04
EH12 8XT,55.949664,-3.301891,S01008958,East Craigs North - 04
EH12 8XU,55.948902,-3.304300,S01008961,East Craigs South - 02
EH12 8XW,55.952322,-3.299514,S01008966,East Craigs South - 07
EH12 8XX,55.949648,-3.303476,S01008958,East Craigs North - 04
EH12 8XY,55.955693,-3.307042,S01008956,East Craigs North - 02
EH12 8XZ,55.955013,-3.307596,S01008956,East Craigs North - 02
EH12 8YA,55.953557,-3.308444,S01008956,East Craigs North - 02
EH12 8YB,55.954115,-3.308415,S01008956,East Craigs North - 02
EH12 8YD,55.949322,-3.304554,S01008961,East Craigs South - 02
EH12 8YE,55.950020,-3.304818,S01008961,East Craigs South - 02
EH12 8YF,55.947929,-3.303738,S01008961,East Craigs South - 02
EH12 8YH,55.954994,-3.306058,S01008956,East Craigs North - 02
EH12 8YJ,55.955393,-3.303973,S01008956,East Craigs North - 02
EH12 8YN,55.956087,-3.306335,S01008955,East Craigs North - 01
EH12 8YP,55.947501,-3.305982,S01008961,East Craigs South - 02
EH12 8YQ,55.955882,-3.305351,S01008956,East Craigs North - 02
EH12 8YW,55.956482,-3.304699,S01008956,East Craigs North - 02
EH12 8ZQ,55.951766,-3.302842,S01008958,East Craigs North - 04
EH12 9AA,55.933453,-3.286701,S01008985,Corstorphine South - 05
EH12 9AB,55.932410,-3.286730,S01008985,Corstorphine South - 05
EH12 9AD,55.933038,-3.288544,S01008985,Corstorphine South - 05
EH12 9AE,55.930994,-3.289804,S01008985,Corstorphine South - 05
EH12 9AF,55.931143,-3.286800,S01008985,Corstorphine South - 05
EH12 9AG,55.931894,-3.283688,S01008983,Corstorphine South - 03
EH12 9AH,55.933157,-3.284898,S01008985,Corstorphine South - 05
EH12 9AJ,55.932691,-3.283986,S01008983,Corstorphine South - 03
EH12 9AL,55.932417,-3.282681,S01008983,Corstorphine South - 03
EH12 9AN,55.932497,-3.281851,S01008983,Corstorphine South - 03
EH12 9AP,55.932196,-3.281473,S01008983,Corstorphine South - 03
EH12 9AQ,55.932563,-3.285919,S01008985,Corstorphine South - 05
EH12 9AR,55.932036,-3.280411,S01008983,Corstorphine South - 03
EH12 9AS,55.931605,-3.282126,S01008983,Corstorphine South - 03
EH12 9AT,55.932031,-3.279995,S01008983,Corstorphine South - 03
EH12 9AU,55.930974,-3.285770,S01008983,Corstorphine South - 03
EH12 9AW,55.932232,-3.279729,S01008983,Corstorphine South - 03
EH12 9AX,55.931184,-3.283696,S01008983,Corstorphine South - 03
EH12 9AY,55.931454,-3.285354,S01008983,Corstorphine South - 03
EH12 9AZ,55.931424,-3.283912,S01008983,Corstorphine South - 03
EH12 9BA,55.933738,-3.287831,S01008985,Corstorphine South - 05
EH12 9BH,55.935803,-3.336820,S01008993,"Ratho, Ingliston and Gogar - 01"
EH12 9BL,55.934684,-3.348851,S01008993,"Ratho, Ingliston and Gogar - 01"
EH12 9BP,55.944289,-3.344798,S01008993,"Ratho, Ingliston and Gogar - 01"
EH12 9BQ,55.942866,-3.338488,S01008993,"Ratho, Ingliston and Gogar - 01"
EH12 9BR,55.938692,-3.333045,S01008993,"Ratho, Ingliston and Gogar - 01"
EH12 9BS,55.929093,-3.325817,S01008993,"Ratho, Ingliston and Gogar - 01"
EH12 9BT,55.928140,-3.324248,S01008993,"Ratho, Ingliston and Gogar - 01"
EH12 9BU,55.925502,-3.321326,S01008993,"Ratho, Ingliston and Gogar - 01"
EH12 9BW,55.936766,-3.341640,S01008993,"Ratho, Ingliston and Gogar - 01"
EH12 9BX,55.926109,-3.316689,S01008993,"Ratho, Ingliston and Gogar - 01"
EH12 9BY,55.923084,-3.328989,S01008993,"Ratho, Ingliston and Gogar - 01"
EH12 9BZ,55.921418,-3.335957,S01008993,"Ratho, Ingliston and Gogar - 01"
EH12 9DB,55.926844,-3.344338,S01008993,"Ratho, Ingliston and Gogar - 01"
EH12 9DD,55.922451,-3.338456,S01008993,"Ratho, Ingliston and Gogar - 01"
EH12 9DE,55.924385,-3.326665,S01008993,"Ratho, Ingliston and Gogar - 01"
EH12 9DF,55.932609,-3.314717,S01008992,South Gyle - 06
EH12 9DG,55.935686,-3.300734,S01008991,South Gyle - 05
EH12 9DH,55.936887,-3.319664,S01008992,South Gyle - 06
EH12 9DJ,55.931078,-3.315865,S01008992,South Gyle - 06
EH12 9DN,55.944883,-3.366755,S01008993,"Ratho, Ingliston and Gogar - 01"
EH12 9DP,55.948920,-3.362461,S01008993,"Ratho, Ingliston and Gogar - 01"
EH12 9DQ,55.934135,-3.310638,S01008992,South Gyle - 06
EH12 9DR,55.930772,-3.306587,S01008992,South Gyle - 06
EH12 9DT,55.930741,-3.313709,S01008992,South Gyle - 06
EH12 9DU,55.935285,-3.303874,S01008991,South Gyle - 05
EH12 9DX,55.928941,-3.302220,S01008990,South Gyle - 04
EH12 9EB,55.930765,-3.300505,S01008990,South Gyle - 04
EH12 9EE,55.934614,-3.303579,S01008990,South Gyle - 04
EH12 9EG,55.930991,-3.302945,S01008990,South Gyle - 04
EH12 9EJ,55.935079,-3.302138,S01008990,South Gyle - 04
EH12 9EL,55.934460,-3.301173,S01008990,South Gyle - 04
EH12 9EN,55.934990,-3.301191,S01008991,South Gyle - 05
EH12 9EP,55.935347,-3.299682,S01008989,South Gyle - 03
EH12 9ER,55.934786,-3.299231,S01008990,South Gyle - 04
EH12 9ES,55.934052,-3.298982,S01008990,South Gyle - 04
EH12 9ET,55.934057,-3.297654,S01008990,South Gyle - 04
EH12 9EU,55.933321,-3.295004,S01008990,South Gyle - 04
EH12 9EW,55.934176,-3.301692,S01008990,South Gyle - 04
EH12 9EX,55.933455,-3.295873,S01008989,South Gyle - 03
EH12 9EY,55.933136,-3.296327,S01008989,South Gyle - 03
EH12 9EZ,55.933634,-3.296871,S01008990,South Gyle - 04
EH12 9FJ,55.923651,-3.342915,S01008993,"Ratho, Ingliston and Gogar - 01"
EH12 9FL,55.929821,-3.298809,S01008990,South Gyle - 04
EH12 9FP,55.942371,-3.339384,S01008993,"Ratho, Ingliston and Gogar - 01"
EH12 9FQ,55.931886,-3.295581,S01008990,South Gyle - 04
EH12 9FR,55.931342,-3.290952,S01008985,Corstorphine South - 05
EH12 9FS,55.946234,-3.359917,S01008993,"Ratho, Ingliston and Gogar - 01"
EH12 9FU,55.933135,-3.293861,S01008985,Corstorphine South - 05
EH12 9FW,55.921713,-3.335263,S01008993,"Ratho, Ingliston and Gogar - 01"
EH12 9FX,55.928272,-3.308520,S01008992,South Gyle - 06
EH12 9FZ,55.945621,-3.364203,S01008993,"Ratho, Ingliston and Gogar - 01"
EH12 9GD,55.928904,-3.298858,S01008990,South Gyle - 04
EH12 9GE,55.933515,-3.317356,S01008992,South Gyle - 06
EH12 9GF,55.940868,-3.320408,S01008993,"Ratho, Ingliston and Gogar - 01"
EH12 9GG,55.929644,-3.307046,S01008990,South Gyle - 04
EH12 9GH,55.933962,-3.292993,S01008985,Corstorphine South - 05
EH12 9GJ,55.934625,-3.292358,S01008985,Corstorphine South - 05
EH12 9GL,55.934123,-3.292246,S01008985,Corstorphine South - 05
EH12 9GN,55.944938,-3.364179,S01008993,"Ratho, Ingliston and Gogar - 01"
EH12 9GP,55.941617,-3.339310,S01008993,"Ratho, Ingliston and Gogar - 01"
EH12 9GQ,55.928941,-3.302220,S01008990,South Gyle - 04
EH12 9GR,55.930649,-3.314762,S01008992,South Gyle - 06
EH12 9GS,55.921924,-3.331541,S01008993,"Ratho, Ingliston and Gogar - 01"
EH12 9GT,55.928941,-3.302220,S01008990,South Gyle - 04
EH12 9GU,55.932796,-3.299581,S01008990,South Gyle - 04
EH12 9GW,55.921388,-3.334595,S01008993,"Ratho, Ingliston and Gogar - 01"
EH12 9HA,55.931960,-3.313174,S01008992,South Gyle - 06
EH12 9HJ,55.934293,-3.295677,S01008989,South Gyle - 03
EH12 9HN,55.935083,-3.295767,S01008989,South Gyle - 03
EH12 9HP,55.929793,-3.305754,S01008990,South Gyle - 04
EH12 9HS,55.935793,-3.298272,S01008989,South Gyle - 03
EH12 9HU,55.935249,-3.297037,S01008989,South Gyle - 03
EH12 9HW,55.934894,-3.311096,S01008992,South Gyle - 06
EH12 9JA,55.935578,-3.305052,S01008991,South Gyle - 05
EH12 9JB,55.936936,-3.306635,S01008991,South Gyle - 05
EH12 9JD,55.935871,-3.307944,S01008991,South Gyle - 05
EH12 9JE,55.936324,-3.309288,S01008991,South Gyle - 05
EH12 9JF,55.937327,-3.306200,S01008992,South Gyle - 06
EH12 9JG,55.936431,-3.303432,S01008991,South Gyle - 05
EH12 9JH,55.935987,-3.303737,S01008991,South Gyle - 05
EH12 9JJ,55.936644,-3.305328,S01008991,South Gyle - 05
EH12 9JL,55.936465,-3.304394,S01008991,South Gyle - 05
EH12 9JQ,55.932869,-3.299503,S01008990,South Gyle - 04
EH12 9JR,55.938818,-3.313806,S01008992,South Gyle - 06
EH12 9JS,55.938443,-3.314418,S01008992,South Gyle - 06
EH12 9JT,55.938622,-3.314520,S01008992,South Gyle - 06
EH12 9JU,55.938476,-3.313923,S01008992,South Gyle - 06
EH12 9JW,55.937068,-3.308528,S01008992,South Gyle - 06
EH12 9JX,55.938440,-3.314722,S01008992,South Gyle - 06
EH12 9JY,55.938443,-3.314418,S01008992,South Gyle - 06
EH12 9JZ,55.931986,-3.299746,S01008990,South Gyle - 04
EH12 9LA,55.936166,-3.301294,S01008991,South Gyle - 05
EH12 9LB,55.929333,-3.293943,S01008990,South Gyle - 04
EH12 9LD,55.933908,-3.304948,S01008990,South Gyle - 04
EH12 9LJ,55.932414,-3.303441,S01008990,South Gyle - 04
EH12 9LN,55.931939,-3.301617,S01008990,South Gyle - 04
EH12 9LP,55.932193,-3.301433,S01008990,South Gyle - 04
EH12 9LQ,55.932762,-3.303709,S01008990,South Gyle - 04
EH12 9LR,55.933339,-3.300927,S01008990,South Gyle - 04
EH12 9LS,55.932930,-3.300497,S01008990,South Gyle - 04
EH12 9LT,55.933123,-3.301785,S01008990,South Gyle - 04
EH12 9LU,55.932602,-3.301831,S01008990,South Gyle - 04
EH12 9PB,55.928950,-3.302221,S01008990,South Gyle - 04
EH12 9RB,55.928941,-3.302220,S01008990,South Gyle - 04
EH12 9RH,55.932353,-3.310002,S01008992,South Gyle - 06
EH12 9SA,55.933515,-3.317340,S01008992,South Gyle - 06
EH12 9SB,55.935010,-3.332887,S01008993,"Ratho, Ingliston and Gogar - 01"
EH12 9SE,55.935190,-3.314484,S01008992,South Gyle - 06
EH12 9UR,55.928941,-3.302220,S01008990,South Gyle - 04
EH12 9UZ,55.928941,-3.302220,S01008990,South Gyle - 04
EH12 9XB,55.930772,-3.306587,S01008992,South Gyle - 06
EH12 9XD,55.930772,-3.306587,S01008992,South Gyle - 06
EH12 9XN,55.930772,-3.306571,S01008992,South Gyle - 06
EH12 9XX,55.933515,-3.317356,S01008992,South Gyle - 06
EH12 9ZA,55.930772,-3.306587,S01008992,South Gyle - 06
EH2 1AF,55.955065,-3.193692,S01008849,New Town West - 01
EH2 1AU,55.954651,-3.194769,S01008849,New Town West - 01
EH2 1AW,55.955309,-3.194469,S01008849,New Town West - 01
EH2 1BB,55.955054,-3.193916,S01008849,New Town West - 01
EH2 1DA,55.954628,-3.197058,S01008849,New Town West - 01
EH2 1DD,55.954565,-3.195215,S01008849,New Town West - 01
EH2 1DF,55.954533,-3.196655,S01008849,New Town West - 01
EH2 1DJ,55.954633,-3.197507,S01008849,New Town West - 01
EH2 1DR,55.954466,-3.198094,S01008849,New Town West - 01
EH2 1DX,55.954248,-3.198248,S01008849,New Town West - 01
EH2 1DY,55.954047,-3.199523,S01008849,New Town West - 01
EH2 1EA,55.954229,-3.200201,S01008849,New Town West - 01
EH2 1EE,55.954114,-3.197299,S01008849,New Town West - 01
EH2 1EL,55.953902,-3.197853,S01008849,New Town West - 01
EH2 1EN,55.953888,-3.199262,S01008849,New Town West - 01
EH2 1EP,55.953545,-3.200340,S01008849,New Town West - 01
EH2 1ES,55.953554,-3.200340,S01008849,New Town West - 01
EH2 1EW,55.953786,-3.198714,S01008849,New Town West - 01
EH2 1EX,55.953466,-3.201122,S01008849,New Town West - 01
EH2 1GB,55.954551,-3.194846,S01008849,New Town West - 01
EH2 1GG,55.954551,-3.194846,S01008849,New Town West - 01
EH2 1GH,55.954551,-3.194846,S01008849,New Town West - 01
EH2 1GJ,55.954551,-3.194846,S01008849,New Town West - 01
EH2 1GN,55.954551,-3.194846,S01008849,New Town West - 01
EH2 1HJ,55.955598,-3.192460,S01008849,New Town West - 01
EH2 1HX,55.955395,-3.193046,S01008849,New Town West - 01
EH2 1HY,55.955845,-3.193845,S01008849,New Town West - 01
EH2 1JD,55.955506,-3.193594,S01008849,New Town West - 01
EH2 1JE,55.954971,-3.196941,S01008849,New Town West - 01
EH2 1JQ,55.954895,-3.196474,S01008849,New Town West - 01
EH2 1JX,55.954478,-3.199584,S01008849,New Town West - 01
EH2 1LH,55.954081,-3.200709,S01008868,Deans Village - 01
EH2 1LL,55.954861,-3.197194,S01008849,New Town West - 01
EH2 1LN,55.953868,-3.201311,S01008868,Deans Village - 01
EH2 1LS,55.953993,-3.201379,S01008868,Deans Village - 01
EH2 1XA,55.954551,-3.194846,S01008849,New Town West - 01
EH2 1XF,55.954551,-3.194846,S01008849,New Town West - 01
EH2 1XH,55.954551,-3.194846,S01008849,New Town West - 01
EH2 1XJ,55.954551,-3.194846,S01008849,New Town West - 01
EH2 1XL,55.954551,-3.194846,S01008849,New Town West - 01
EH2 1XN,55.954551,-3.194846,S01008849,New Town West - 01
EH2 1XQ,55.954551,-3.194846,S01008849,New Town West - 01
EH2 1XR,55.954551,-3.194846,S01008849,New Town West - 01
EH2 1XU,55.954551,-3.194846,S01008849,New Town West - 01
EH2 1XW,55.954551,-3.194846,S01008849,New Town West - 01
EH2 1XZ,55.954551,-3.194846,S01008849,New Town West - 01
EH2 2AA,55.953754,-3.190849,S01008677,"Old Town, Princes Street and Leith Street - 04"
EH2 2AD,55.954161,-3.191519,S01008677,"Old Town, Princes Street and Leith Street - 04"
EH2 2AF,55.953738,-3.194404,S01008677,"Old Town, Princes Street and Leith Street - 04"
EH2 2AN,55.953226,-3.190673,S01008677,"Old Town, Princes Street and Leith Street - 04"
EH2 2AU,55.953454,-3.191257,S01008677,"Old Town, Princes Street and Leith Street - 04"
EH2 2AZ,55.953384,-3.191959,S01008677,"Old Town, Princes Street and Leith Street - 04"
EH2 2BB,55.952022,-3.198051,S01008677,"Old Town, Princes Street and Leith Street - 04"
EH2 2BD,55.953530,-3.192668,S01008677,"Old Town, Princes Street and Leith Street - 04"
EH2 2BW,55.953056,-3.193342,S01008677,"Old Town, Princes Street and Leith Street - 04"
EH2 2BY,55.952855,-3.192792,S01008677,"Old Town, Princes Street and Leith Street - 04"
EH2 2BZ,55.953210,-3.192274,S01008677,"Old Town, Princes Street and Leith Street - 04"
EH2 2DF,55.952411,-3.195949,S01008677,"Old Town, Princes Street and Leith Street - 04"
EH2 2DG,55.952739,-3.194502,S01008677,"Old Town, Princes Street and Leith Street - 04"
EH2 2DL,55.952469,-3.196383,S01008677,"Old Town, Princes Street and Leith Street - 04"
EH2 2DQ,55.952563,-3.195025,S01008677,"Old Town, Princes Street and Leith Street - 04"
EH2 2DR,55.953072,-3.197266,S01008677,"Old Town, Princes Street and Leith Street - 04"
EH2 2DS,55.952792,-3.197450,S01008677,"Old Town, Princes Street and Leith Street - 04"
EH2 2DX,55.953258,-3.197480,S01008677,"Old Town, Princes Street and Leith Street - 04"
EH2 2DY,55.953059,-3.197618,S01008677,"Old Town, Princes Street and Leith Street - 04"
EH2 2EB,55.952773,-3.196601,S01008677,"Old Town, Princes Street and Leith Street - 04"
EH2 2EH,55.952767,-3.189778,S01008677,"Old Town, Princes Street and Leith Street - 04"
EH2 2EL,55.951813,-3.196411,S01008677,"Old Town, Princes Street and Leith Street - 04"
EH2 2EN,55.952426,-3.197166,S01008677,"Old Town, Princes Street and Leith Street - 04"
EH2 2EP,55.952650,-3.197189,S01008677,"Old Town, Princes Street and Leith Street - 04"
EH2 2EQ,55.952922,-3.189591,S01008677,"Old Town, Princes Street and Leith Street - 04"
EH2 2ER,55.952003,-3.198162,S01008677,"Old Town, Princes Street and Leith Street - 04"
EH2 2EY,55.951973,-3.199395,S01008677,"Old Town, Princes Street and Leith Street - 04"
EH2 2HB,55.952145,-3.200169,S01008677,"Old Town, Princes Street and Leith Street - 04"
EH2 2HG,55.951419,-3.197231,S01008677,"Old Town, Princes Street and Leith Street - 04"
EH2 2HN,55.953675,-3.198054,S01008677,"Old Town, Princes Street and Leith Street - 04"
EH2 2HT,55.953641,-3.198838,S01008677,"Old Town, Princes Street and Leith Street - 04"
EH2 2JG,55.953416,-3.199807,S01008677,"Old Town, Princes Street and Leith Street - 04"
EH2 2JR,55.952492,-3.200564,S01008677,"Old Town, Princes Street and Leith Street - 04"
EH2 2LE,55.953200,-3.197975,S01008677,"Old Town, Princes Street and Leith Street - 04"
EH2 2LL,55.954256,-3.194693,S01008677,"Old Town, Princes Street and Leith Street - 04"
EH2 2LR,55.952955,-3.199137,S01008677,"Old Town, Princes Street and Leith Street - 04"
EH2 2ND,55.952598,-3.199814,S01008677,"Old Town, Princes Street and Leith Street - 04"
EH2 2NH,55.952533,-3.199076,S01008677,"Old Town, Princes Street and Leith Street - 04"
EH2 2NN,55.952441,-3.198352,S01008677,"Old Town, Princes Street and Leith Street - 04"
EH2 2NP,55.952704,-3.199033,S01008677,"Old Town, Princes Street and Leith Street - 04"
EH2 2PA,55.953830,-3.196890,S01008677,"Old Town, Princes Street and Leith Street - 04"
EH2 2PB,55.954113,-3.196434,S01008677,"Old Town, Princes Street and Leith Street - 04"
EH2 2PF,55.953497,-3.196094,S01008677,"Old Town, Princes Street and Leith Street - 04"
EH2 2PJ,55.953033,-3.196673,S01008677,"Old Town, Princes Street and Leith Street - 04"
EH2 2PQ,55.953393,-3.196572,S01008677,"Old Town, Princes Street and Leith Street - 04"
EH2 2PR,55.953193,-3.194932,S01008677,"Old Town, Princes Street and Leith Street - 04"
EH2 2QA,55.952861,-3.195867,S01008677,"Old Town, Princes Street and Leith Street - 04"
EH2 2SA,55.953679,-3.194915,S01008677,"Old Town, Princes Street and Leith Street - 04"
EH2 2SB,55.953679,-3.194915,S01008677,"Old Town, Princes Street and Leith Street - 04"
EH2 2XZ,55.943214,-3.232955,S01008874,Deans Village - 07
EH2 2YB,55.954562,-3.190874,S01008677,"Old Town, Princes Street and Leith Street - 04"
EH2 2YE,55.943214,-3.232955,S01008874,Deans Village - 07
EH2 3AA,55.951607,-3.200985,S01008677,"Old Town, Princes Street and Leith Street - 04"
EH2 3AB,55.951651,-3.200185,S01008677,"Old Town, Princes Street and Leith Street - 04"
EH2 3AE,55.953484,-3.201059,S01008849,New Town West - 01
EH2 3AH,55.951680,-3.202748,S01008677,"Old Town, Princes Street and Leith Street - 04"
EH2 3AT,55.951297,-3.203281,S01008868,Deans Village - 01
EH2 3BB,55.952941,-3.204245,S01008868,Deans Village - 01
EH2 3BF,55.953002,-3.203494,S01008868,Deans Village - 01
EH2 3BG,55.953102,-3.203401,S01008868,Deans Village - 01
EH2 3BN,55.952862,-3.204066,S01008868,Deans Village - 01
EH2 3BU,55.952548,-3.201206,S01008868,Deans Village - 01
EH2 3BX,55.952752,-3.200556,S01008868,Deans Village - 01
EH2 3DA,55.952539,-3.201222,S01008868,Deans Village - 01
EH2 3DF,55.952268,-3.202270,S01008868,Deans Village - 01
EH2 3DH,55.952276,-3.202463,S01008868,Deans Village - 01
EH2 3DN,55.952020,-3.202871,S01008868,Deans Village - 01
EH2 3DT,55.952123,-3.201513,S01008868,Deans Village - 01
EH2 3DX,55.952265,-3.201694,S01008868,Deans Village - 01
EH2 3EE,55.953099,-3.200951,S01008868,Deans Village - 01
EH2 3ES,55.953042,-3.201221,S01008868,Deans Village - 01
EH2 3EW,55.953079,-3.201126,S01008868,Deans Village - 01
EH2 3EY,55.952910,-3.201938,S01008868,Deans Village - 01
EH2 3HT,55.951932,-3.203637,S01008868,Deans Village - 01
EH2 3JD,55.951870,-3.201713,S01008677,"Old Town, Princes Street and Leith Street - 04"
EH2 3JF,55.952031,-3.200790,S01008677,"Old Town, Princes Street and Leith Street - 04"
EH2 3JG,55.951757,-3.202222,S01008677,"Old Town, Princes Street and Leith Street - 04"
EH2 3JP,55.953572,-3.202215,S01008868,Deans Village - 01
EH2 3JZ,55.953365,-3.202192,S01008868,Deans Village - 01
EH2 3LJ,55.953530,-3.203703,S01008868,Deans Village - 01
EH2 3LQ,55.953646,-3.202857,S01008868,Deans Village - 01
EH2 3LU,55.953451,-3.204485,S01008868,Deans Village - 01
EH2 3NH,55.954076,-3.202086,S01008868,Deans Village - 01
EH2 3NR,55.953973,-3.202499,S01008868,Deans Village - 01
EH2 3NS,55.953849,-3.203232,S01008868,Deans Village - 01
EH2 3QA,55.953352,-3.203601,S01008868,Deans Village - 01
EH2 4AA,55.951116,-3.203420,S01008868,Deans Village - 01
EH2 4AD,55.951045,-3.204298,S01008868,Deans Village - 01
EH2 4AH,55.950791,-3.205459,S01008868,Deans Village - 01
EH2 4AN,55.950922,-3.205768,S01008868,Deans Village - 01
EH2 4AS,55.951075,-3.205836,S01008868,Deans Village - 01
EH2 4AT,55.951289,-3.205058,S01008868,Deans Village - 01
EH2 4AW,55.950683,-3.206417,S01008868,Deans Village - 01
EH2 4AX,55.946936,-3.201753,S01008661,Tollcross - 03
EH2 4AZ,55.951289,-3.205058,S01008868,Deans Village - 01
EH2 4BA,55.951422,-3.204342,S01008868,Deans Village - 01
EH2 4BB,55.951435,-3.203894,S01008868,Deans Village - 01
EH2 4BJ,55.950098,-3.206511,S01008868,Deans Village - 01
EH2 4BL,55.950597,-3.206878,S01008868,Deans Village - 01
EH2 4DB,55.950643,-3.208593,S01008868,Deans Village - 01
EH2 4DF,55.951215,-3.208947,S01008868,Deans Village - 01
EH2 4DJ,55.951993,-3.209308,S01008868,Deans Village - 01
EH2 4DR,55.952534,-3.208220,S01008868,Deans Village - 01
EH2 4EL,55.950839,-3.207895,S01008868,Deans Village - 01
EH2 4EQ,55.950522,-3.207228,S01008868,Deans Village - 01
EH2 4ET,55.951090,-3.206974,S01008868,Deans Village - 01
EH2 4HH,55.951702,-3.205071,S01008868,Deans Village - 01
EH2 4HQ,55.952353,-3.206485,S01008868,Deans Village - 01
EH2 4HR,55.952960,-3.206888,S01008868,Deans Village - 01
EH2 4HU,55.953057,-3.205241,S01008868,Deans Village - 01
EH2 4JB,55.952813,-3.205426,S01008868,Deans Village - 01
EH2 4JD,55.953237,-3.205247,S01008868,Deans Village - 01
EH2 4JF,55.952719,-3.205839,S01008868,Deans Village - 01
EH2 4JN,55.952553,-3.204425,S01008868,Deans Village - 01
EH2 4JS,55.952297,-3.205762,S01008868,Deans Village - 01
EH2 4JY,55.952276,-3.206130,S01008868,Deans Village - 01
EH2 4JZ,55.951693,-3.205087,S01008868,Deans Village - 01
EH2 4LH,55.952144,-3.203980,S01008868,Deans Village - 01
EH2 4LS,55.951513,-3.205081,S01008868,Deans Village - 01
EH2 4LT,55.951901,-3.204020,S01008868,Deans Village - 01
EH2 4NA,55.953571,-3.205017,S01008868,Deans Village - 01
EH2 4NF,55.953240,-3.206768,S01008868,Deans Village - 01
EH2 4NG,55.953784,-3.206225,S01008852,New Town West - 04
EH2 4PA,55.950308,-3.208855,S01008868,Deans Village - 01
EH2 4PF,55.949989,-3.210206,S01008868,Deans Village - 01
EH2 4PG,55.950536,-3.209471,S01008868,Deans Village - 01
EH2 4PH,55.950597,-3.209665,S01008868,Deans Village - 01
EH2 4PS,55.949948,-3.210814,S01008868,Deans Village - 01
EH2 4PY,55.950316,-3.210825,S01008868,Deans Village - 01
EH2 4QG,55.950817,-3.210088,S01008868,Deans Village - 01
EH2 4QS,55.951045,-3.209791,S01008868,Deans Village - 01
EH2 4QW,55.950860,-3.210314,S01008868,Deans Village - 01
EH2 4QZ,55.951244,-3.209589,S01008868,Deans Village - 01
EH2 4RA,55.950792,-3.209014,S01008868,Deans Village - 01
EH2 4RG,55.949590,-3.208801,S01008660,Tollcross - 02
EH2 4RN,55.950110,-3.208913,S01008868,Deans Village - 01
EH2 4RR,55.949944,-3.209388,S01008868,Deans Village - 01
EH2 4RT,55.949731,-3.209942,S01008868,Deans Village - 01
EH2 4SA,55.949658,-3.210148,S01008868,Deans Village - 01
EH2 4SD,55.948984,-3.210111,S01008660,Tollcross - 02
EH2 4SN,55.949140,-3.209780,S01008660,Tollcross - 02
EH2 4YN,55.952648,-3.204812,S01008868,Deans Village - 01
EH2 4YR,55.952648,-3.204812,S01008868,Deans Village - 01
EH2 4YZ,55.943214,-3.232955,S01008874,Deans Village - 07
EH2 9AB,55.943214,-3.232955,S01008874,Deans Village - 07
EH2 9AD,55.943214,-3.232955,S01008874,Deans Village - 07
EH2 9AE,55.943214,-3.232955,S01008874,Deans Village - 07
EH2 9AF,55.943214,-3.232955,S01008874,Deans Village - 07
EH2 9AG,55.943214,-3.232955,S01008874,Deans Village - 07
EH2 9AR,55.943214,-3.232955,S01008874,Deans Village - 07
EH3 1AT,55.943214,-3.232955,S01008874,Deans Village - 07
EH3 1BB,55.943214,-3.232955,S01008874,Deans Village - 07
EH3 1BE,55.943214,-3.232955,S01008874,Deans Village - 07
EH3 1BS,55.943214,-3.232955,S01008874,Deans Village - 07
EH3 1DD,55.943214,-3.232955,S01008874,Deans Village - 07
EH3 1EH,55.943214,-3.232955,S01008874,Deans Village - 07
EH3 1EX,55.943214,-3.232955,S01008874,Deans Village - 07
EH3 1EY,55.943214,-3.232955,S01008874,Deans Village - 07
EH3 1FD,55.943214,-3.232955,S01008874,Deans Village - 07
EH3 1FJ,55.943214,-3.232955,S01008874,Deans Village - 07
EH3 1FS,55.943214,-3.232955,S01008874,Deans Village - 07
EH3 1FY,55.943214,-3.232955,S01008874,Deans Village - 07
EH3 1GE,55.943214,-3.232955,S01008874,Deans Village - 07
EH3 1GS,55.943214,-3.232955,S01008874,Deans Village - 07
EH3 1GT,55.943214,-3.232955,S01008874,Deans Village - 07
EH3 1GY,55.943214,-3.232955,S01008874,Deans Village - 07
EH3 1HA,55.943214,-3.232955,S01008874,Deans Village - 07
EH3 1HB,55.943214,-3.232955,S01008874,Deans Village - 07
EH3 1HD,55.943214,-3.232955,S01008874,Deans Village - 07
EH3 1HF,55.943214,-3.232955,S01008874,Deans Village - 07
EH3 1HH,55.943214,-3.232955,S01008874,Deans Village - 07
EH3 1HJ,55.943214,-3.232955,S01008874,Deans Village - 07
EH3 1HL,55.943214,-3.232955,S01008874,Deans Village - 07
EH3 1HN,55.943214,-3.232955,S01008874,Deans Village - 07
EH3 1HP,55.943214,-3.232955,S01008874,Deans Village - 07
EH3 1HQ,55.943214,-3.232955,S01008874,Deans Village - 07
EH3 1HR,55.943214,-3.232955,S01008874,Deans Village - 07
EH3 1HS,55.943214,-3.232955,S01008874,Deans Village - 07
EH3 1HT,55.943214,-3.232955,S01008874,Deans Village - 07
EH3 1HU,55.943214,-3.232955,S01008874,Deans Village - 07
EH3 1HW,55.943214,-3.232955,S01008874,Deans Village - 07
EH3 1HX,55.943214,-3.232955,S01008874,Deans Village - 07
EH3 1HY,55.943214,-3.232955,S01008874,Deans Village - 07
EH3 1HZ,55.943214,-3.232955,S01008874,Deans Village - 07
EH3 1JA,55.943214,-3.232955,S01008874,Deans Village - 07
EH3 1JB,55.943214,-3.232955,S01008874,Deans Village - 07
EH3 1JF,55.943214,-3.232955,S01008874,Deans Village - 07
EH3 1JH,55.943214,-3.232955,S01008874,Deans Village - 07
EH3 1JN,55.943214,-3.232955,S01008874,Deans Village - 07
EH3 1JP,55.943214,-3.232955,S01008874,Deans Village - 07
EH3 5AA,55.958387,-3.204174,S01008859,Stockbridge - 03
EH3 5AB,55.958779,-3.204522,S01008859,Stockbridge - 03
EH3 5AD,55.958454,-3.204656,S01008859,Stockbridge - 03
EH3 5AE,55.959154,-3.205639,S01008859,Stockbridge - 03
EH3 5AF,55.959034,-3.206020,S01008859,Stockbridge - 03
EH3 5AG,55.958386,-3.206112,S01008851,New Town West - 03
EH3 5AH,55.958039,-3.206645,S01008851,New Town West - 03
EH3 5AJ,55.958107,-3.207080,S01008851,New Town West - 03
EH3 5AL,55.957652,-3.206730,S01008851,New Town West - 03
EH3 5AN,55.957636,-3.207434,S01008851,New Town West - 03
EH3 5AP,55.958065,-3.207623,S01008851,New Town West - 03
EH3 5AQ,55.958184,-3.205625,S01008851,New Town West - 03
EH3 5AS,55.968600,-3.218205,S01008832,"Inverleith, Goldenacre and Warriston - 01"
EH3 5AU,55.958269,-3.207966,S01008851,New Town West - 03
EH3 5AX,55.958641,-3.207529,S01008851,New Town West - 03
EH3 5AY,55.958435,-3.206594,S01008859,Stockbridge - 03
EH3 5AZ,55.959221,-3.207083,S01008859,Stockbridge - 03
EH3 5BA,55.959370,-3.207472,S01008859,Stockbridge - 03
EH3 5BB,55.959728,-3.205705,S01008859,Stockbridge - 03
EH3 5BD,55.959178,-3.204999,S01008859,Stockbridge - 03
EH3 5BE,55.959912,-3.204429,S01008855,Canonmills and New Town North - 03
EH3 5BF,55.959141,-3.204213,S01008859,Stockbridge - 03
EH3 5BG,55.959316,-3.202905,S01008855,Canonmills and New Town North - 03
EH3 5BH,55.959698,-3.205159,S01008859,Stockbridge - 03
EH3 5BJ,55.960050,-3.205923,S01008857,Stockbridge - 01
EH3 5BL,55.960378,-3.203643,S01008857,Stockbridge - 01
EH3 5BN,55.960053,-3.206484,S01008858,Stockbridge - 02
EH3 5BP,55.960686,-3.207897,S01008858,Stockbridge - 02
EH3 5BQ,55.958688,-3.202725,S01008855,Canonmills and New Town North - 03
EH3 5BR,55.960368,-3.209265,S01008858,Stockbridge - 02
EH3 5BS,55.959111,-3.208216,S01008859,Stockbridge - 03
EH3 5BT,55.962807,-3.199585,S01008838,Broughton North and Powderhall - 03
EH3 5BU,55.959894,-3.207120,S01008858,Stockbridge - 02
EH3 5BW,55.960591,-3.207574,S01008858,Stockbridge - 02
EH3 5BX,55.962623,-3.200060,S01008857,Stockbridge - 01
EH3 5BY,55.960029,-3.208101,S01008858,Stockbridge - 02
EH3 5DA,55.963720,-3.201760,S01008838,Broughton North and Powderhall - 03
EH3 5DB,55.959889,-3.202154,S01008855,Canonmills and New Town North - 03
EH3 5DG,55.959693,-3.202869,S01008855,Canonmills and New Town North - 03
EH3 5DH,55.960362,-3.201528,S01008855,Canonmills and New Town North - 03
EH3 5DJ,55.959809,-3.202071,S01008855,Canonmills and New Town North - 03
EH3 5DL,55.960027,-3.203712,S01008855,Canonmills and New Town North - 03
EH3 5DN,55.960379,-3.203515,S01008857,Stockbridge - 01
EH3 5DP,55.960657,-3.202674,S01008857,Stockbridge - 01
EH3 5DQ,55.960088,-3.201135,S01008855,Canonmills and New Town North - 03
EH3 5DR,55.960616,-3.202273,S01008855,Canonmills and New Town North - 03
EH3 5DS,55.960655,-3.201873,S01008855,Canonmills and New Town North - 03
EH3 5DT,55.960703,-3.201555,S01008855,Canonmills and New Town North - 03
EH3 5DU,55.960838,-3.201559,S01008855,Canonmills and New Town North - 03
EH3 5DW,55.960739,-3.203414,S01008857,Stockbridge - 01
EH3 5DX,55.961328,-3.201125,S01008855,Canonmills and New Town North - 03
EH3 5DZ,55.961880,-3.200646,S01008857,Stockbridge - 01
EH3 5EA,55.962201,-3.199999,S01008857,Stockbridge - 01
EH3 5EF,55.960452,-3.200570,S01008855,Canonmills and New Town North - 03
EH3 5EH,55.961268,-3.197119,S01008855,Canonmills and New Town North - 03
EH3 5EJ,55.961595,-3.197674,S01008856,Canonmills and New Town North - 04
EH3 5EN,55.961137,-3.197644,S01008855,Canonmills and New Town North - 03
EH3 5EP,55.960565,-3.200125,S01008855,Canonmills and New Town North - 03
EH3 5ER,55.960499,-3.199498,S01008855,Canonmills and New Town North - 03
EH3 5ES,55.960866,-3.200566,S01008855,Canonmills and New Town North - 03
EH3 5ET,55.961354,-3.200261,S01008856,Canonmills and New Town North - 04
EH3 5EU,55.961664,-3.198925,S01008856,Canonmills and New Town North - 04
EH3 5EW,55.961237,-3.199393,S01008856,Canonmills and New Town North - 04
EH3 5EX,55.961517,-3.198296,S01008855,Canonmills and New Town North - 03
EH3 5EY,55.962108,-3.197577,S01008856,Canonmills and New Town North - 04
EH3 5EZ,55.962122,-3.197081,S01008856,Canonmills and New Town North - 04
EH3 5FA,55.961670,-3.198221,S01008855,Canonmills and New Town North - 03
EH3 5FB,55.961387,-3.202377,S01008857,Stockbridge - 01
EH3 5HA,55.962377,-3.197634,S01008856,Canonmills and New Town North - 04
EH3 5HB,55.962334,-3.199266,S01008856,Canonmills and New Town North - 04
EH3 5HD,55.961938,-3.199366,S01008856,Canonmills and New Town North - 04
EH3 5HE,55.961972,-3.198614,S01008856,Canonmills and New Town North - 04
EH3 5HN,55.961996,-3.202652,S01008857,Stockbridge - 01
EH3 5HP,55.961593,-3.206147,S01008857,Stockbridge - 01
EH3 5HR,55.961934,-3.206206,S01008857,Stockbridge - 01
EH3 5HS,55.962158,-3.206293,S01008857,Stockbridge - 01
EH3 5HT,55.961830,-3.206699,S01008857,Stockbridge - 01
EH3 5HU,55.961790,-3.207179,S01008857,Stockbridge - 01
EH3 5HW,55.961708,-3.204501,S01008857,Stockbridge - 01
EH3 5HX,55.961740,-3.207626,S01008857,Stockbridge - 01
EH3 5HY,55.961709,-3.208089,S01008857,Stockbridge - 01
EH3 5HZ,55.961669,-3.208536,S01008857,Stockbridge - 01
EH3 5JA,55.961628,-3.209048,S01008857,Stockbridge - 01
EH3 5JB,55.961015,-3.209221,S01008858,Stockbridge - 02
EH3 5JD,55.961605,-3.209480,S01008858,Stockbridge - 02
EH3 5JE,55.961565,-3.209927,S01008858,Stockbridge - 02
EH3 5JF,55.961480,-3.210341,S01008858,Stockbridge - 02
EH3 5JG,55.961421,-3.210835,S01008858,Stockbridge - 02
EH3 5JH,55.961229,-3.211166,S01008858,Stockbridge - 02
EH3 5JJ,55.960656,-3.210972,S01008858,Stockbridge - 02
EH3 5JN,55.962041,-3.205376,S01008857,Stockbridge - 01
EH3 5JP,55.962933,-3.200550,S01008838,Broughton North and Powderhall - 03
EH3 5JQ,55.961028,-3.210583,S01008858,Stockbridge - 02
EH3 5JU,55.966178,-3.202237,S01008834,"Inverleith, Goldenacre and Warriston - 03"
EH3 5JW,55.961992,-3.203933,S01008857,Stockbridge - 01
EH3 5JX,55.966879,-3.200320,S01008834,"Inverleith, Goldenacre and Warriston - 03"
EH3 5JY,55.965140,-3.202733,S01008834,"Inverleith, Goldenacre and Warriston - 03"
EH3 5JZ,55.963825,-3.201187,S01008838,Broughton North and Powderhall - 03
EH3 5LA,55.963558,-3.200009,S01008838,Broughton North and Powderhall - 03
EH3 5LB,55.964722,-3.199516,S01008838,Broughton North and Powderhall - 03
EH3 5LE,55.963178,-3.200222,S01008838,Broughton North and Powderhall - 03
EH3 5LF,55.962807,-3.199585,S01008838,Broughton North and Powderhall - 03
EH3 5LG,55.963262,-3.199023,S01008838,Broughton North and Powderhall - 03
EH3 5LH,55.962659,-3.199068,S01008856,Canonmills and New Town North - 04
EH3 5LJ,55.962900,-3.198355,S01008838,Broughton North and Powderhall - 03
EH3 5LL,55.964137,-3.198633,S01008838,Broughton North and Powderhall - 03
EH3 5LN,55.963676,-3.198010,S01008838,Broughton North and Powderhall - 03
EH3 5LP,55.964670,-3.202991,S01008834,"Inverleith, Goldenacre and Warriston - 03"
EH3 5LQ,55.963195,-3.198492,S01008838,Broughton North and Powderhall - 03
EH3 5LR,55.966663,-3.204991,S01008834,"Inverleith, Goldenacre and Warriston - 03"
EH3 5LS,55.965079,-3.203468,S01008834,"Inverleith, Goldenacre and Warriston - 03"
EH3 5LT,55.965922,-3.203542,S01008834,"Inverleith, Goldenacre and Warriston - 03"
EH3 5LU,55.966872,-3.201986,S01008834,"Inverleith, Goldenacre and Warriston - 03"
EH3 5LW,55.963231,-3.197548,S01008838,Broughton North and Powderhall - 03
EH3 5LX,55.966680,-3.204191,S01008834,"Inverleith, Goldenacre and Warriston - 03"
EH3 5LY,55.967521,-3.203640,S01008834,"Inverleith, Goldenacre and Warriston - 03"
EH3 5LZ,55.968048,-3.203000,S01008834,"Inverleith, Goldenacre and Warriston - 03"
EH3 5NA,55.967642,-3.202218,S01008834,"Inverleith, Goldenacre and Warriston - 03"
EH3 5NB,55.967891,-3.200688,S01008835,"Inverleith, Goldenacre and Warriston - 04"
EH3 5ND,55.968585,-3.201398,S01008834,"Inverleith, Goldenacre and Warriston - 03"
EH3 5NE,55.969207,-3.201209,S01008835,"Inverleith, Goldenacre and Warriston - 04"
EH3 5NG,55.968640,-3.203098,S01008834,"Inverleith, Goldenacre and Warriston - 03"
EH3 5NH,55.967914,-3.204790,S01008834,"Inverleith, Goldenacre and Warriston - 03"
EH3 5NJ,55.967632,-3.205182,S01008834,"Inverleith, Goldenacre and Warriston - 03"
EH3 5NL,55.967070,-3.202889,S01008834,"Inverleith, Goldenacre and Warriston - 03"
EH3 5NP,55.963458,-3.202825,S01008834,"Inverleith, Goldenacre and Warriston - 03"
EH3 5NQ,55.968343,-3.204066,S01008834,"Inverleith, Goldenacre and Warriston - 03"
EH3 5NR,55.963906,-3.202054,S01008838,Broughton North and Powderhall - 03
EH3 5NS,55.963725,-3.203122,S01008834,"Inverleith, Goldenacre and Warriston - 03"
EH3 5NU,55.962746,-3.208634,S01008834,"Inverleith, Goldenacre and Warriston - 03"
EH3 5NY,55.962914,-3.212580,S01008832,"Inverleith, Goldenacre and Warriston - 01"
EH3 5NZ,55.964266,-3.212126,S01008832,"Inverleith, Goldenacre and Warriston - 01"
EH3 5PA,55.965488,-3.219389,S01008832,"Inverleith, Goldenacre and Warriston - 01"
EH3 5PB,55.965574,-3.220705,S01008832,"Inverleith, Goldenacre and Warriston - 01"
EH3 5PD,55.967352,-3.214449,S01008832,"Inverleith, Goldenacre and Warriston - 01"
EH3 5PE,55.968240,-3.218194,S01008832,"Inverleith, Goldenacre and Warriston - 01"
EH3 5PG,55.967529,-3.219293,S01008832,"Inverleith, Goldenacre and Warriston - 01"
EH3 5PL,55.969356,-3.213470,S01008832,"Inverleith, Goldenacre and Warriston - 01"
EH3 5PN,55.969072,-3.214952,S01008832,"Inverleith, Goldenacre and Warriston - 01"
EH3 5PR,55.970576,-3.213653,S01008833,"Inverleith, Goldenacre and Warriston - 02"
EH3 5PS,55.970805,-3.211401,S01008833,"Inverleith, Goldenacre and Warriston - 02"
EH3 5PT,55.970713,-3.209844,S01008833,"Inverleith, Goldenacre and Warriston - 02"
EH3 5PU,55.971009,-3.209821,S01008833,"Inverleith, Goldenacre and Warriston - 02"
EH3 5PW,55.969861,-3.215121,S01008833,"Inverleith, Goldenacre and Warriston - 02"
EH3 5PX,55.970542,-3.208941,S01008833,"Inverleith, Goldenacre and Warriston - 02"
EH3 5PY,55.969412,-3.207752,S01008833,"Inverleith, Goldenacre and Warriston - 02"
EH3 5PZ,55.968549,-3.207822,S01008833,"Inverleith, Goldenacre and Warriston - 02"
EH3 5QA,55.968983,-3.208428,S01008833,"Inverleith, Goldenacre and Warriston - 02"
EH3 5QB,55.967611,-3.210917,S01008833,"Inverleith, Goldenacre and Warriston - 02"
EH3 5QD,55.967546,-3.209312,S01008832,"Inverleith, Goldenacre and Warriston - 01"
EH3 5QE,55.968094,-3.207455,S01008834,"Inverleith, Goldenacre and Warriston - 03"
EH3 5QF,55.970387,-3.215554,S01008833,"Inverleith, Goldenacre and Warriston - 02"
EH3 5QH,55.967517,-3.205851,S01008834,"Inverleith, Goldenacre and Warriston - 03"
EH3 5QJ,55.967576,-3.208112,S01008832,"Inverleith, Goldenacre and Warriston - 01"
EH3 5QL,55.969091,-3.206637,S01008834,"Inverleith, Goldenacre and Warriston - 03"
EH3 5QN,55.969534,-3.206298,S01008833,"Inverleith, Goldenacre and Warriston - 02"
EH3 5QP,55.970012,-3.207066,S01008833,"Inverleith, Goldenacre and Warriston - 02"
EH3 5QR,55.970034,-3.207596,S01008833,"Inverleith, Goldenacre and Warriston - 02"
EH3 5QS,55.970360,-3.207365,S01008833,"Inverleith, Goldenacre and Warriston - 02"
EH3 5QT,55.970908,-3.207350,S01008833,"Inverleith, Goldenacre and Warriston - 02"
EH3 5QU,55.970663,-3.207599,S01008833,"Inverleith, Goldenacre and Warriston - 02"
EH3 5QW,55.969429,-3.207016,S01008833,"Inverleith, Goldenacre and Warriston - 02"
EH3 5QX,55.970826,-3.208341,S01008833,"Inverleith, Goldenacre and Warriston - 02"
EH3 5QY,55.971010,-3.207898,S01008833,"Inverleith, Goldenacre and Warriston - 02"
EH3 5RD,55.969635,-3.207086,S01008833,"Inverleith, Goldenacre and Warriston - 02"
EH3 5RE,55.969919,-3.206438,S01008833,"Inverleith, Goldenacre and Warriston - 02"
EH3 5XS,55.943214,-3.232955,S01008874,Deans Village - 07
EH3 6AA,55.953328,-3.208741,S01008852,New Town West - 04
EH3 6AD,55.953348,-3.208614,S01008852,New Town West - 04
EH3 6AJ,55.953539,-3.209260,S01008852,New Town West - 04
EH3 6AP,55.953991,-3.209915,S01008852,New Town West - 04
EH3 6AQ,55.952575,-3.209550,S01008852,New Town West - 04
EH3 6AR,55.953814,-3.210502,S01008852,New Town West - 04
EH3 6AS,55.953314,-3.211159,S01008852,New Town West - 04
EH3 6AU,55.952723,-3.210035,S01008852,New Town West - 04
EH3 6AW,55.953737,-3.209218,S01008852,New Town West - 04
EH3 6BB,55.959612,-3.190901,S01008846,New Town East and Gayfield - 02
EH3 6BG,55.954463,-3.206630,S01008852,New Town West - 04
EH3 6BH,55.954206,-3.207215,S01008852,New Town West - 04
EH3 6BJ,55.953862,-3.207444,S01008852,New Town West - 04
EH3 6BQ,55.954206,-3.207215,S01008852,New Town West - 04
EH3 6BT,55.953778,-3.208707,S01008852,New Town West - 04
EH3 6BX,55.954473,-3.210218,S01008861,Stockbridge - 05
EH3 6DA,55.955112,-3.210142,S01008861,Stockbridge - 05
EH3 6DE,55.953800,-3.207378,S01008852,New Town West - 04
EH3 6DH,55.954101,-3.206011,S01008852,New Town West - 04
EH3 6DL,55.954350,-3.206210,S01008852,New Town West - 04
EH3 6DN,55.954061,-3.206378,S01008852,New Town West - 04
EH3 6DS,55.955221,-3.207247,S01008852,New Town West - 04
EH3 6DT,55.955623,-3.208364,S01008852,New Town West - 04
EH3 6DW,55.954830,-3.206770,S01008852,New Town West - 04
EH3 6DY,55.956074,-3.208202,S01008852,New Town West - 04
EH3 6EB,55.955765,-3.207632,S01008852,New Town West - 04
EH3 6ED,55.955452,-3.206597,S01008852,New Town West - 04
EH3 6EE,55.956321,-3.206880,S01008852,New Town West - 04
EH3 6EF,55.956775,-3.207247,S01008851,New Town West - 03
EH3 6EG,55.957371,-3.207858,S01008860,Stockbridge - 04
EH3 6EH,55.957193,-3.207740,S01008860,Stockbridge - 04
EH3 6EN,55.955444,-3.202801,S01008852,New Town West - 04
EH3 6ES,55.955140,-3.204473,S01008852,New Town West - 04
EH3 6EX,55.954919,-3.206004,S01008852,New Town West - 04
EH3 6EZ,55.955171,-3.205884,S01008852,New Town West - 04
EH3 6HA,55.955224,-3.205101,S01008852,New Town West - 04
EH3 6HB,55.955788,-3.206175,S01008852,New Town West - 04
EH3 6HD,55.957003,-3.206886,S01008851,New Town West - 03
EH3 6HE,55.955966,-3.205460,S01008851,New Town West - 03
EH3 6HF,55.955728,-3.205052,S01008851,New Town West - 03
EH3 6HG,55.955571,-3.203606,S01008851,New Town West - 03
EH3 6HH,55.955894,-3.202767,S01008850,New Town West - 02
EH3 6HL,55.955685,-3.203882,S01008851,New Town West - 03
EH3 6HN,55.955984,-3.203619,S01008851,New Town West - 03
EH3 6HP,55.955722,-3.201016,S01008850,New Town West - 02
EH3 6HQ,55.956174,-3.203512,S01008851,New Town West - 03
EH3 6HR,55.955703,-3.201143,S01008850,New Town West - 02
EH3 6HU,55.955969,-3.199630,S01008850,New Town West - 02
EH3 6HW,55.955876,-3.204608,S01008851,New Town West - 03
EH3 6HZ,55.956485,-3.199262,S01008850,New Town West - 02
EH3 6JA,55.956921,-3.199660,S01008850,New Town West - 02
EH3 6JD,55.956141,-3.200436,S01008850,New Town West - 02
EH3 6JE,55.956435,-3.200670,S01008850,New Town West - 02
EH3 6JF,55.956531,-3.200096,S01008850,New Town West - 02
EH3 6JG,55.956244,-3.201881,S01008850,New Town West - 02
EH3 6JJ,55.956797,-3.200393,S01008850,New Town West - 02
EH3 6JL,55.956881,-3.201052,S01008850,New Town West - 02
EH3 6JN,55.957334,-3.199736,S01008850,New Town West - 02
EH3 6JQ,55.956749,-3.200711,S01008850,New Town West - 02
EH3 6JX,55.956563,-3.193963,S01008849,New Town West - 01
EH3 6LA,55.956506,-3.194265,S01008849,New Town West - 01
EH3 6LB,55.956942,-3.194727,S01008849,New Town West - 01
EH3 6LD,55.957351,-3.195236,S01008848,New Town East and Gayfield - 04
EH3 6LF,55.957011,-3.195979,S01008849,New Town West - 01
EH3 6LG,55.956968,-3.196714,S01008849,New Town West - 01
EH3 6LH,55.957523,-3.195097,S01008848,New Town East and Gayfield - 04
EH3 6LJ,55.957661,-3.195694,S01008854,Canonmills and New Town North - 02
EH3 6LL,55.957406,-3.196888,S01008849,New Town West - 01
EH3 6LN,55.957521,-3.198044,S01008854,Canonmills and New Town North - 02
EH3 6LP,55.956747,-3.197284,S01008849,New Town West - 01
EH3 6LQ,55.957246,-3.195826,S01008849,New Town West - 01
EH3 6LR,55.957186,-3.198258,S01008849,New Town West - 01
EH3 6LS,55.956865,-3.198088,S01008849,New Town West - 01
EH3 6LW,55.957073,-3.196958,S01008849,New Town West - 01
EH3 6LX,55.959016,-3.191187,S01008847,New Town East and Gayfield - 03
EH3 6LY,55.958892,-3.191920,S01008848,New Town East and Gayfield - 04
EH3 6LZ,55.958701,-3.193068,S01008848,New Town East and Gayfield - 04
EH3 6NA,55.959235,-3.192668,S01008848,New Town East and Gayfield - 04
EH3 6NB,55.959648,-3.191783,S01008847,New Town East and Gayfield - 03
EH3 6ND,55.959928,-3.192609,S01008847,New Town East and Gayfield - 03
EH3 6NE,55.960543,-3.194021,S01008853,Canonmills and New Town North - 01
EH3 6NF,55.960899,-3.194417,S01008853,Canonmills and New Town North - 01
EH3 6NG,55.961075,-3.194790,S01008853,Canonmills and New Town North - 01
EH3 6NL,55.957431,-3.193397,S01008848,New Town East and Gayfield - 04
EH3 6NN,55.957254,-3.194096,S01008848,New Town East and Gayfield - 04
EH3 6NP,55.957845,-3.194307,S01008848,New Town East and Gayfield - 04
EH3 6NQ,55.961037,-3.194981,S01008853,Canonmills and New Town North - 01
EH3 6NR,55.958347,-3.193473,S01008848,New Town East and Gayfield - 04
EH3 6NS,55.958102,-3.193690,S01008848,New Town East and Gayfield - 04
EH3 6NT,55.958257,-3.192605,S01008848,New Town East and Gayfield - 04
EH3 6NU,55.957534,-3.193032,S01008848,New Town East and Gayfield - 04
EH3 6NW,55.957310,-3.194771,S01008848,New Town East and Gayfield - 04
EH3 6NX,55.957772,-3.191645,S01008848,New Town East and Gayfield - 04
EH3 6NY,55.958059,-3.191702,S01008848,New Town East and Gayfield - 04
EH3 6NZ,55.958507,-3.191796,S01008848,New Town East and Gayfield - 04
EH3 6PA,55.958509,-3.191540,S01008848,New Town East and Gayfield - 04
EH3 6PB,55.958297,-3.191213,S01008847,New Town East and Gayfield - 03
EH3 6PD,55.957980,-3.190515,S01008847,New Town East and Gayfield - 03
EH3 6PE,55.958332,-3.190365,S01008847,New Town East and Gayfield - 03
EH3 6PH,55.957918,-3.195046,S01008854,Canonmills and New Town North - 02
EH3 6PJ,55.957931,-3.196568,S01008854,Canonmills and New Town North - 02
EH3 6PL,55.958655,-3.196942,S01008854,Canonmills and New Town North - 02
EH3 6PN,55.959097,-3.195819,S01008853,Canonmills and New Town North - 01
EH3 6PP,55.959487,-3.194469,S01008848,New Town East and Gayfield - 04
EH3 6PR,55.959533,-3.193462,S01008847,New Town East and Gayfield - 03
EH3 6PS,55.959337,-3.195169,S01008853,Canonmills and New Town North - 01
EH3 6PT,55.959329,-3.195938,S01008853,Canonmills and New Town North - 01
EH3 6PU,55.959899,-3.194674,S01008853,Canonmills and New Town North - 01
EH3 6PW,55.959249,-3.193997,S01008848,New Town East and Gayfield - 04
EH3 6PX,55.959775,-3.195391,S01008853,Canonmills and New Town North - 01
EH3 6PY,55.960372,-3.194977,S01008853,Canonmills and New Town North - 01
EH3 6PZ,55.959696,-3.196157,S01008853,Canonmills and New Town North - 01
EH3 6QA,55.959412,-3.197654,S01008854,Canonmills and New Town North - 02
EH3 6QD,55.959662,-3.192248,S01008847,New Town East and Gayfield - 03
EH3 6QE,55.956449,-3.197435,S01008849,New Town West - 01
EH3 6QG,55.956502,-3.198461,S01008849,New Town West - 01
EH3 6QH,55.958189,-3.198690,S01008849,New Town West - 01
EH3 6QL,55.958427,-3.197272,S01008854,Canonmills and New Town North - 02
EH3 6QQ,55.957270,-3.198854,S01008849,New Town West - 01
EH3 6QR,55.957739,-3.198708,S01008849,New Town West - 01
EH3 6QU,55.957562,-3.202130,S01008850,New Town West - 02
EH3 6QW,55.957930,-3.197593,S01008854,Canonmills and New Town North - 02
EH3 6QY,55.957863,-3.200730,S01008850,New Town West - 02
EH3 6QZ,55.958183,-3.200147,S01008855,Canonmills and New Town North - 03
EH3 6RA,55.958265,-3.200982,S01008855,Canonmills and New Town North - 03
EH3 6RB,55.957989,-3.201679,S01008855,Canonmills and New Town North - 03
EH3 6RD,55.958102,-3.202083,S01008850,New Town West - 02
EH3 6RE,55.958369,-3.202283,S01008855,Canonmills and New Town North - 03
EH3 6RF,55.958465,-3.201693,S01008855,Canonmills and New Town North - 03
EH3 6RG,55.958531,-3.201375,S01008855,Canonmills and New Town North - 03
EH3 6RH,55.958964,-3.201196,S01008855,Canonmills and New Town North - 03
EH3 6RL,55.959170,-3.202164,S01008855,Canonmills and New Town North - 03
EH3 6RN,55.957195,-3.201942,S01008850,New Town West - 02
EH3 6RP,55.957443,-3.200477,S01008850,New Town West - 02
EH3 6RQ,55.958889,-3.200585,S01008854,Canonmills and New Town North - 02
EH3 6RS,55.958280,-3.199413,S01008854,Canonmills and New Town North - 02
EH3 6RT,55.958749,-3.198323,S01008854,Canonmills and New Town North - 02
EH3 6RU,55.958552,-3.198252,S01008854,Canonmills and New Town North - 02
EH3 6RX,55.958914,-3.197110,S01008854,Canonmills and New Town North - 02
EH3 6RY,55.959332,-3.196643,S01008854,Canonmills and New Town North - 02
EH3 6RZ,55.959289,-3.197282,S01008854,Canonmills and New Town North - 02
EH3 6SA,55.959018,-3.198427,S01008854,Canonmills and New Town North - 02
EH3 6SB,55.959063,-3.198428,S01008854,Canonmills and New Town North - 02
EH3 6SD,55.959040,-3.199853,S01008854,Canonmills and New Town North - 02
EH3 6SE,55.959232,-3.199491,S01008854,Canonmills and New Town North - 02
EH3 6SF,55.959373,-3.198838,S01008854,Canonmills and New Town North - 02
EH3 6SH,55.957799,-3.202698,S01008850,New Town West - 02
EH3 6SJ,55.958282,-3.202953,S01008855,Canonmills and New Town North - 03
EH3 6SP,55.957674,-3.203591,S01008850,New Town West - 02
EH3 6SR,55.957686,-3.204184,S01008851,New Town West - 03
EH3 6SS,55.957567,-3.205333,S01008851,New Town West - 03
EH3 6ST,55.957326,-3.206047,S01008851,New Town West - 03
EH3 6SU,55.957981,-3.205218,S01008851,New Town West - 03
EH3 6SW,55.957854,-3.203468,S01008850,New Town West - 02
EH3 6SX,55.957489,-3.206805,S01008851,New Town West - 03
EH3 6SY,55.957749,-3.207774,S01008851,New Town West - 03
EH3 6SZ,55.957846,-3.208049,S01008851,New Town West - 03
EH3 6TD,55.955736,-3.202362,S01008850,New Town West - 02
EH3 6TE,55.955967,-3.201728,S01008850,New Town West - 02
EH3 6TF,55.956726,-3.202136,S01008850,New Town West - 02
EH3 6TG,55.956290,-3.202667,S01008850,New Town West - 02
EH3 6TH,55.956595,-3.202709,S01008850,New Town West - 02
EH3 6TJ,55.956698,-3.203192,S01008850,New Town West - 02
EH3 6TL,55.956284,-3.204156,S01008851,New Town West - 03
EH3 6TN,55.956299,-3.205422,S01008851,New Town West - 03
EH3 6TP,55.957284,-3.207567,S01008851,New Town West - 03
EH3 6TQ,55.957337,-3.208594,S01008860,Stockbridge - 04
EH3 6TR,55.957064,-3.209002,S01008860,Stockbridge - 04
EH3 6TS,55.955644,-3.210847,S01008860,Stockbridge - 04
EH3 6TT,55.956772,-3.209441,S01008860,Stockbridge - 04
EH3 6TU,55.956489,-3.209865,S01008860,Stockbridge - 04
EH3 6TW,55.957165,-3.206875,S01008851,New Town West - 03
EH3 7AA,55.947656,-3.214473,S01008871,Deans Village - 04
EH3 7AF,55.948296,-3.213420,S01008868,Deans Village - 01
EH3 7AH,55.948404,-3.213407,S01008868,Deans Village - 01
EH3 7AL,55.949086,-3.211667,S01008868,Deans Village - 01
EH3 7AT,55.948899,-3.212350,S01008868,Deans Village - 01
EH3 7AU,55.949360,-3.211180,S01008868,Deans Village - 01
EH3 7BD,55.949953,-3.212047,S01008868,Deans Village - 01
EH3 7BJ,55.950146,-3.211636,S01008868,Deans Village - 01
EH3 7BR,55.949730,-3.210999,S01008868,Deans Village - 01
EH3 7DD,55.947924,-3.214641,S01008871,Deans Village - 04
EH3 7DH,55.948145,-3.214120,S01008871,Deans Village - 04
EH3 7DS,55.948243,-3.215084,S01008871,Deans Village - 04
EH3 7DX,55.948641,-3.214808,S01008868,Deans Village - 01
EH3 7EB,55.949393,-3.216017,S01008868,Deans Village - 01
EH3 7EG,55.950102,-3.217032,S01008869,Deans Village - 02
EH3 7EH,55.949925,-3.217651,S01008869,Deans Village - 02
EH3 7EN,55.949521,-3.217606,S01008869,Deans Village - 02
EH3 7HA,55.949910,-3.212814,S01008868,Deans Village - 01
EH3 7HF,55.949075,-3.214565,S01008868,Deans Village - 01
EH3 7HL,55.949366,-3.215151,S01008868,Deans Village - 01
EH3 7HR,55.950042,-3.214932,S01008868,Deans Village - 01
EH3 7HW,55.949703,-3.214633,S01008868,Deans Village - 01
EH3 7HX,55.950227,-3.214345,S01008868,Deans Village - 01
EH3 7JA,55.950036,-3.213747,S01008868,Deans Village - 01
EH3 7JD,55.949568,-3.214709,S01008868,Deans Village - 01
EH3 7JF,55.950174,-3.213415,S01008869,Deans Village - 02
EH3 7JY,55.949014,-3.212562,S01008868,Deans Village - 01
EH3 7LA,55.948766,-3.213115,S01008868,Deans Village - 01
EH3 7LJ,55.948607,-3.213766,S01008868,Deans Village - 01
EH3 7LL,55.948509,-3.213635,S01008868,Deans Village - 01
EH3 7LN,55.948981,-3.214050,S01008868,Deans Village - 01
EH3 7LP,55.949129,-3.213622,S01008868,Deans Village - 01
EH3 7LU,55.949252,-3.213978,S01008868,Deans Village - 01
EH3 7LW,55.948793,-3.214060,S01008868,Deans Village - 01
EH3 7NE,55.949386,-3.213134,S01008868,Deans Village - 01
EH3 7NF,55.949669,-3.212662,S01008868,Deans Village - 01
EH3 7NG,55.949620,-3.212148,S01008868,Deans Village - 01
EH3 7NH,55.949415,-3.211966,S01008868,Deans Village - 01
EH3 7NJ,55.949300,-3.211786,S01008868,Deans Village - 01
EH3 7NS,55.950745,-3.211031,S01008868,Deans Village - 01
EH3 7PE,55.950725,-3.212135,S01008869,Deans Village - 02
EH3 7PR,55.951307,-3.211465,S01008869,Deans Village - 02
EH3 7PT,55.951373,-3.212059,S01008869,Deans Village - 02
EH3 7PX,55.951758,-3.213096,S01008869,Deans Village - 02
EH3 7PY,55.952037,-3.214930,S01008869,Deans Village - 02
EH3 7QA,55.951444,-3.214015,S01008869,Deans Village - 02
EH3 7QB,55.950762,-3.212985,S01008869,Deans Village - 02
EH3 7QG,55.951148,-3.212997,S01008869,Deans Village - 02
EH3 7QJ,55.950635,-3.214038,S01008869,Deans Village - 02
EH3 7RA,55.949881,-3.215728,S01008868,Deans Village - 01
EH3 7RF,55.950174,-3.216137,S01008869,Deans Village - 02
EH3 7RN,55.951341,-3.214380,S01008869,Deans Village - 02
EH3 7RY,55.950737,-3.218285,S01008869,Deans Village - 02
EH3 7SG,55.950710,-3.219133,S01008870,Deans Village - 03
EH3 7SL,55.950707,-3.216762,S01008869,Deans Village - 02
EH3 7SQ,55.950046,-3.218119,S01008869,Deans Village - 02
EH3 7SW,55.950600,-3.215718,S01008869,Deans Village - 02
EH3 7TA,55.951222,-3.210005,S01008852,New Town West - 04
EH3 7TD,55.952148,-3.209969,S01008852,New Town West - 04
EH3 7TE,55.951527,-3.210110,S01008852,New Town West - 04
EH3 7TH,55.951898,-3.210746,S01008852,New Town West - 04
EH3 7TN,55.952446,-3.210747,S01008852,New Town West - 04
EH3 7TP,55.952665,-3.211379,S01008852,New Town West - 04
EH3 7TQ,55.951477,-3.210573,S01008852,New Town West - 04
EH3 7TT,55.952423,-3.212220,S01008852,New Town West - 04
EH3 7TZ,55.952297,-3.213129,S01008852,New Town West - 04
EH3 7UA,55.952387,-3.214029,S01008852,New Town West - 04
EH3 7UE,55.951203,-3.212903,S01008869,Deans Village - 02
EH3 7UQ,55.951203,-3.212903,S01008869,Deans Village - 02
EH3 7ZD,55.943214,-3.232955,S01008874,Deans Village - 07
EH3 7ZF,55.943214,-3.232955,S01008874,Deans Village - 07
EH3 8AA,55.943413,-3.211074,S01008658,Dalry and Fountainbridge - 08
EH3 8AB,55.943966,-3.211427,S01008658,Dalry and Fountainbridge - 08
EH3 8AF,55.945485,-3.212372,S01008659,Tollcross - 01
EH3 8AG,55.945977,-3.212531,S01008659,Tollcross - 01
EH3 8AH,55.943958,-3.215014,S01008657,Dalry and Fountainbridge - 07
EH3 8AJ,55.945962,-3.211378,S01008659,Tollcross - 01
EH3 8AN,55.947598,-3.207650,S01008660,Tollcross - 02
EH3 8AP,55.943114,-3.211321,S01008658,Dalry and Fountainbridge - 08
EH3 8AQ,55.945527,-3.211716,S01008659,Tollcross - 01
EH3 8AR,55.944638,-3.215275,S01008655,Dalry and Fountainbridge - 05
EH3 8AS,55.943111,-3.212570,S01008658,Dalry and Fountainbridge - 08
EH3 8AT,55.943828,-3.211807,S01008658,Dalry and Fountainbridge - 08
EH3 8AU,55.943910,-3.212611,S01008658,Dalry and Fountainbridge - 08
EH3 8AX,55.943749,-3.213486,S01008658,Dalry and Fountainbridge - 08
EH3 8AY,55.944160,-3.212714,S01008658,Dalry and Fountainbridge - 08
EH3 8AZ,55.944533,-3.212262,S01008658,Dalry and Fountainbridge - 08
EH3 8BA,55.944972,-3.212468,S01008657,Dalry and Fountainbridge - 07
EH3 8BB,55.945604,-3.213000,S01008655,Dalry and Fountainbridge - 05
EH3 8BG,55.946127,-3.206451,S01008659,Tollcross - 01
EH3 8BH,55.945673,-3.206037,S01008659,Tollcross - 01
EH3 8BJ,55.945973,-3.206526,S01008659,Tollcross - 01
EH3 8BL,55.944893,-3.206685,S01008659,Tollcross - 01
EH3 8BN,55.943388,-3.212690,S01008658,Dalry and Fountainbridge - 08
EH3 8BP,55.946382,-3.207036,S01008659,Tollcross - 01
EH3 8BR,55.945892,-3.208381,S01008659,Tollcross - 01
EH3 8BU,55.945630,-3.209478,S01008659,Tollcross - 01
EH3 8BW,55.945459,-3.207679,S01008659,Tollcross - 01
EH3 8BX,55.945731,-3.210138,S01008659,Tollcross - 01
EH3 8BZ,55.945657,-3.210343,S01008659,Tollcross - 01
EH3 8DA,55.944969,-3.210930,S01008658,Dalry and Fountainbridge - 08
EH3 8DB,55.944303,-3.210125,S01008658,Dalry and Fountainbridge - 08
EH3 8DD,55.944611,-3.210711,S01008658,Dalry and Fountainbridge - 08
EH3 8DE,55.945251,-3.209578,S01008658,Dalry and Fountainbridge - 08
EH3 8DF,55.944491,-3.209250,S01008658,Dalry and Fountainbridge - 08
EH3 8DG,55.943771,-3.210285,S01008651,Dalry and Fountainbridge - 01
EH3 8DN,55.945856,-3.213920,S01008655,Dalry and Fountainbridge - 05
EH3 8DQ,55.943832,-3.209534,S01008659,Tollcross - 01
EH3 8DT,55.946370,-3.215490,S01008660,Tollcross - 02
EH3 8DU,55.946542,-3.214486,S01008660,Tollcross - 02
EH3 8DW,55.944780,-3.213646,S01008657,Dalry and Fountainbridge - 07
EH3 8DX,55.944242,-3.214510,S01008657,Dalry and Fountainbridge - 07
EH3 8DY,55.946332,-3.213935,S01008660,Tollcross - 02
EH3 8DZ,55.945987,-3.213316,S01008655,Dalry and Fountainbridge - 05
EH3 8EA,55.946291,-3.213502,S01008660,Tollcross - 02
EH3 8EB,55.946288,-3.211980,S01008659,Tollcross - 01
EH3 8ED,55.946437,-3.211457,S01008659,Tollcross - 01
EH3 8EE,55.946058,-3.209747,S01008660,Tollcross - 02
EH3 8EF,55.946432,-3.212930,S01008660,Tollcross - 02
EH3 8EG,55.947684,-3.210759,S01008660,Tollcross - 02
EH3 8EJ,55.948401,-3.210973,S01008660,Tollcross - 02
EH3 8EL,55.943354,-3.213426,S01008658,Dalry and Fountainbridge - 08
EH3 8EN,55.943424,-3.213556,S01008658,Dalry and Fountainbridge - 08
EH3 8EQ,55.942819,-3.212945,S01008658,Dalry and Fountainbridge - 08
EH3 8ER,55.947808,-3.210923,S01008660,Tollcross - 02
EH3 8ES,55.948123,-3.208995,S01008660,Tollcross - 02
EH3 8ET,55.947860,-3.211149,S01008660,Tollcross - 02
EH3 8EX,55.945892,-3.208381,S01008659,Tollcross - 01
EH3 8EZ,55.946256,-3.208809,S01008659,Tollcross - 01
EH3 8FD,55.944591,-3.211831,S01008658,Dalry and Fountainbridge - 08
EH3 8FE,55.944591,-3.211831,S01008658,Dalry and Fountainbridge - 08
EH3 8FF,55.944591,-3.211831,S01008658,Dalry and Fountainbridge - 08
EH3 8FG,55.944163,-3.211530,S01008658,Dalry and Fountainbridge - 08
EH3 8FJ,55.945894,-3.211872,S01008659,Tollcross - 01
EH3 8FL,55.947884,-3.208700,S01008660,Tollcross - 02
EH3 8FN,55.943386,-3.215636,S01008657,Dalry and Fountainbridge - 07
EH3 8FQ,55.942850,-3.214419,S01008651,Dalry and Fountainbridge - 01
EH3 8FR,55.942850,-3.214419,S01008651,Dalry and Fountainbridge - 01
EH3 8FS,55.943272,-3.214416,S01008651,Dalry and Fountainbridge - 01
EH3 8FT,55.942630,-3.213883,S01008651,Dalry and Fountainbridge - 01
EH3 8FU,55.942905,-3.215237,S01008651,Dalry and Fountainbridge - 01
EH3 8FW,55.942895,-3.215269,S01008651,Dalry and Fountainbridge - 01
EH3 8FX,55.943115,-3.214907,S01008651,Dalry and Fountainbridge - 01
EH3 8FY,55.945932,-3.216212,S01008655,Dalry and Fountainbridge - 05
EH3 8FZ,55.942630,-3.213883,S01008651,Dalry and Fountainbridge - 01
EH3 8GA,55.942499,-3.213543,S01008651,Dalry and Fountainbridge - 01
EH3 8HA,55.948101,-3.211252,S01008660,Tollcross - 02
EH3 8HE,55.947626,-3.210213,S01008660,Tollcross - 02
EH3 8HH,55.945459,-3.207679,S01008659,Tollcross - 01
EH3 8HP,55.947365,-3.213967,S01008660,Tollcross - 02
EH3 8HQ,55.947699,-3.212889,S01008660,Tollcross - 02
EH3 8HX,55.947154,-3.213497,S01008660,Tollcross - 02
EH3 8JB,55.946852,-3.213103,S01008660,Tollcross - 02
EH3 8JL,55.944316,-3.208781,S01008659,Tollcross - 01
EH3 8JQ,55.946853,-3.214800,S01008660,Tollcross - 02
EH3 8LL,55.947080,-3.209123,S01008660,Tollcross - 02
EH3 8RB,55.947598,-3.207650,S01008660,Tollcross - 02
EH3 8RD,55.947080,-3.209123,S01008660,Tollcross - 02
EH3 8RY,55.945932,-3.216212,S01008655,Dalry and Fountainbridge - 05
EH3 8YD,55.943214,-3.232955,S01008874,Deans Village - 07
EH3 8YJ,55.943214,-3.232955,S01008874,Deans Village - 07
EH3 9AA,55.945198,-3.204933,S01008659,Tollcross - 01
EH3 9AD,55.945610,-3.205042,S01008659,Tollcross - 01
EH3 9AF,55.945652,-3.204419,S01008659,Tollcross - 01
EH3 9AH,55.945977,-3.202492,S01008662,Tollcross - 04
EH3 9AL,55.945967,-3.204365,S01008661,Tollcross - 03
EH3 9AN,55.946203,-3.205077,S01008660,Tollcross - 02
EH3 9AP,55.946745,-3.204789,S01008660,Tollcross - 02
EH3 9AR,55.946389,-3.204426,S01008661,Tollcross - 03
EH3 9AS,55.946431,-3.203787,S01008661,Tollcross - 03
EH3 9AT,55.946687,-3.203394,S01008660,Tollcross - 02
EH3 9AW,55.946651,-3.205235,S01008660,Tollcross - 02
EH3 9AX,55.946546,-3.204927,S01008660,Tollcross - 02
EH3 9BB,55.943301,-3.193923,S01008673,Meadows and Southside - 08
EH3 9BE,55.946131,-3.206003,S01008660,Tollcross - 02
EH3 9BF,55.943032,-3.193867,S01008673,Meadows and Southside - 08
EH3 9BG,55.945389,-3.205660,S01008659,Tollcross - 01
EH3 9BH,55.945406,-3.203915,S01008662,Tollcross - 04
EH3 9BL,55.944988,-3.203486,S01008662,Tollcross - 04
EH3 9BN,55.944372,-3.204844,S01008663,Tollcross - 05
EH3 9BP,55.943561,-3.204242,S01008663,Tollcross - 05
EH3 9BS,55.943361,-3.193300,S01008673,Meadows and Southside - 08
EH3 9BW,55.945009,-3.202253,S01008662,Tollcross - 04
EH3 9BX,55.945628,-3.202273,S01008661,Tollcross - 03
EH3 9BY,55.947605,-3.206913,S01008660,Tollcross - 02
EH3 9BZ,55.946416,-3.206220,S01008660,Tollcross - 02
EH3 9DB,55.946217,-3.201843,S01008661,Tollcross - 03
EH3 9DD,55.945442,-3.205677,S01008659,Tollcross - 01
EH3 9DE,55.945465,-3.199642,S01008661,Tollcross - 03
EH3 9DF,55.950926,-3.209099,S01008868,Deans Village - 01
EH3 9DG,55.944958,-3.200074,S01008661,Tollcross - 03
EH3 9DH,55.945503,-3.200411,S01008661,Tollcross - 03
EH3 9DJ,55.945126,-3.201248,S01008661,Tollcross - 03
EH3 9DN,55.945836,-3.201238,S01008661,Tollcross - 03
EH3 9DP,55.946057,-3.201661,S01008662,Tollcross - 04
EH3 9DQ,55.945284,-3.200757,S01008661,Tollcross - 03
EH3 9DR,55.946936,-3.201753,S01008661,Tollcross - 03
EH3 9DS,55.946246,-3.201587,S01008661,Tollcross - 03
EH3 9DT,55.946279,-3.202773,S01008661,Tollcross - 03
EH3 9DU,55.946528,-3.202188,S01008661,Tollcross - 03
EH3 9DW,55.945742,-3.200755,S01008661,Tollcross - 03
EH3 9DX,55.946051,-3.203118,S01008661,Tollcross - 03
EH3 9DY,55.946127,-3.203713,S01008661,Tollcross - 03
EH3 9DZ,55.946719,-3.202867,S01008660,Tollcross - 02
EH3 9EB,55.945512,-3.200412,S01008661,Tollcross - 03
EH3 9ED,55.943057,-3.193163,S01008673,Meadows and Southside - 08
EH3 9EE,55.944452,-3.204013,S01008663,Tollcross - 05
EH3 9EF,55.944562,-3.192745,S01008673,Meadows and Southside - 08
EH3 9EG,55.943939,-3.194935,S01008673,Meadows and Southside - 08
EH3 9EH,55.944620,-3.195116,S01008667,Meadows and Southside - 02
EH3 9EL,55.944667,-3.195822,S01008667,Meadows and Southside - 02
EH3 9EN,55.944723,-3.195552,S01008667,Meadows and Southside - 02
EH3 9EQ,55.945909,-3.194676,S01008673,Meadows and Southside - 08
EH3 9ES,55.943606,-3.197695,S01008667,Meadows and Southside - 02
EH3 9EU,55.945680,-3.196942,S01008661,Tollcross - 03
EH3 9EW,55.944529,-3.197083,S01008667,Meadows and Southside - 02
EH3 9EX,55.945536,-3.196057,S01008673,Meadows and Southside - 08
EH3 9EY,55.945125,-3.195852,S01008661,Tollcross - 03
EH3 9EZ,55.945124,-3.196813,S01008661,Tollcross - 03
EH3 9FA,55.945283,-3.204568,S01008659,Tollcross - 01
EH3 9FB,55.943026,-3.197357,S01008667,Meadows and Southside - 02
EH3 9FD,55.942987,-3.197660,S01008667,Meadows and Southside - 02
EH3 9FE,55.942704,-3.197203,S01008667,Meadows and Southside - 02
EH3 9FG,55.943774,-3.197076,S01008667,Meadows and Southside - 02
EH3 9FH,55.943807,-3.196500,S01008673,Meadows and Southside - 08
EH3 9FJ,55.943466,-3.196458,S01008673,Meadows and Southside - 08
EH3 9FL,55.943434,-3.196969,S01008667,Meadows and Southside - 02
EH3 9FN,55.942128,-3.212875,S01008651,Dalry and Fountainbridge - 01
EH3 9FP,55.942128,-3.212875,S01008651,Dalry and Fountainbridge - 01
EH3 9FQ,55.942358,-3.209648,S01008651,Dalry and Fountainbridge - 01
EH3 9FR,55.942590,-3.210648,S01008651,Dalry and Fountainbridge - 01
EH3 9FT,55.942358,-3.209648,S01008651,Dalry and Fountainbridge - 01
EH3 9FU,55.942358,-3.209648,S01008651,Dalry and Fountainbridge - 01
EH3 9FW,55.942358,-3.209648,S01008651,Dalry and Fountainbridge - 01
EH3 9FX,55.942358,-3.209648,S01008651,Dalry and Fountainbridge - 01
EH3 9FY,55.942358,-3.209648,S01008651,Dalry and Fountainbridge - 01
EH3 9FZ,55.942358,-3.209648,S01008651,Dalry and Fountainbridge - 01
EH3 9GB,55.943296,-3.193602,S01008673,Meadows and Southside - 08
EH3 9GD,55.943437,-3.192934,S01008673,Meadows and Southside - 08
EH3 9GE,55.943470,-3.192327,S01008673,Meadows and Southside - 08
EH3 9GF,55.943766,-3.192368,S01008673,Meadows and Southside - 08
EH3 9GG,55.943825,-3.191858,S01008673,Meadows and Southside - 08
EH3 9GH,55.943990,-3.192439,S01008673,Meadows and Southside - 08
EH3 9GJ,55.944021,-3.192904,S01008673,Meadows and Southside - 08
EH3 9GL,55.943634,-3.193901,S01008673,Meadows and Southside - 08
EH3 9GN,55.943242,-3.194545,S01008673,Meadows and Southside - 08
EH3 9GP,55.943238,-3.194962,S01008673,Meadows and Southside - 08
EH3 9GQ,55.943216,-3.195281,S01008673,Meadows and Southside - 08
EH3 9GR,55.942911,-3.195240,S01008673,Meadows and Southside - 08
EH3 9GS,55.943213,-3.195681,S01008673,Meadows and Southside - 08
EH3 9GT,55.942985,-3.195947,S01008673,Meadows and Southside - 08
EH3 9GU,55.943030,-3.195948,S01008673,Meadows and Southside - 08
EH3 9GW,55.943620,-3.194397,S01008673,Meadows and Southside - 08
EH3 9GX,55.943135,-3.196255,S01008667,Meadows and Southside - 02
EH3 9GY,55.942764,-3.196532,S01008667,Meadows and Southside - 02
EH3 9GZ,55.943113,-3.196639,S01008667,Meadows and Southside - 02
EH3 9HA,55.944076,-3.198350,S01008667,Meadows and Southside - 02
EH3 9HB,55.944592,-3.197101,S01008667,Meadows and Southside - 02
EH3 9HD,55.942358,-3.209648,S01008651,Dalry and Fountainbridge - 01
EH3 9HE,55.945918,-3.194660,S01008673,Meadows and Southside - 08
EH3 9HH,55.943713,-3.199716,S01008667,Meadows and Southside - 02
EH3 9HJ,55.942932,-3.198619,S01008667,Meadows and Southside - 02
EH3 9HL,55.942660,-3.197954,S01008667,Meadows and Southside - 02
EH3 9HN,55.942489,-3.199902,S01008667,Meadows and Southside - 02
EH3 9HP,55.942890,-3.200186,S01008667,Meadows and Southside - 02
EH3 9HR,55.942358,-3.209648,S01008651,Dalry and Fountainbridge - 01
EH3 9HT,55.944498,-3.202093,S01008662,Tollcross - 04
EH3 9HU,55.945517,-3.202669,S01008662,Tollcross - 04
EH3 9HW,55.942587,-3.200882,S01008666,Meadows and Southside - 01
EH3 9HX,55.944545,-3.201871,S01008662,Tollcross - 04
EH3 9HY,55.944459,-3.200539,S01008663,Tollcross - 05
EH3 9HZ,55.944402,-3.200922,S01008663,Tollcross - 05
EH3 9JA,55.943578,-3.200656,S01008663,Tollcross - 05
EH3 9JB,55.944315,-3.201511,S01008663,Tollcross - 05
EH3 9JD,55.944073,-3.201440,S01008663,Tollcross - 05
EH3 9JE,55.943495,-3.201710,S01008663,Tollcross - 05
EH3 9JF,55.943897,-3.201963,S01008663,Tollcross - 05
EH3 9JG,55.944193,-3.202052,S01008663,Tollcross - 05
EH3 9JH,55.943461,-3.202462,S01008663,Tollcross - 05
EH3 9JJ,55.943194,-3.200372,S01008663,Tollcross - 05
EH3 9JN,55.943943,-3.202781,S01008663,Tollcross - 05
EH3 9JP,55.942590,-3.203315,S01008664,Tollcross - 06
EH3 9JR,55.943192,-3.203366,S01008663,Tollcross - 05
EH3 9JS,55.943208,-3.202630,S01008664,Tollcross - 06
EH3 9JT,55.942899,-3.202028,S01008664,Tollcross - 06
EH3 9JU,55.942713,-3.201750,S01008666,Meadows and Southside - 01
EH3 9JX,55.942269,-3.201224,S01008666,Meadows and Southside - 01
EH3 9JY,55.942110,-3.201923,S01008664,Tollcross - 06
EH3 9JZ,55.942635,-3.202404,S01008664,Tollcross - 06
EH3 9LA,55.942667,-3.202805,S01008664,Tollcross - 06
EH3 9LB,55.942252,-3.202936,S01008664,Tollcross - 06
EH3 9LF,55.941181,-3.204072,S01008664,Tollcross - 06
EH3 9LG,55.941676,-3.203127,S01008666,Meadows and Southside - 01
EH3 9LH,55.941400,-3.203743,S01008664,Tollcross - 06
EH3 9LJ,55.941262,-3.203194,S01008666,Meadows and Southside - 01
EH3 9LL,55.941013,-3.202882,S01008666,Meadows and Southside - 01
EH3 9LN,55.941086,-3.201812,S01008666,Meadows and Southside - 01
EH3 9LP,55.941440,-3.202415,S01008666,Meadows and Southside - 01
EH3 9LQ,55.941867,-3.202812,S01008666,Meadows and Southside - 01
EH3 9LR,55.941755,-3.202377,S01008666,Meadows and Southside - 01
EH3 9LS,55.941780,-3.201657,S01008666,Meadows and Southside - 01
EH3 9LT,55.942044,-3.201297,S01008666,Meadows and Southside - 01
EH3 9LW,55.941370,-3.201244,S01008667,Meadows and Southside - 02
EH3 9LY,55.943473,-3.203983,S01008665,Tollcross - 07
EH3 9LZ,55.942871,-3.203980,S01008665,Tollcross - 07
EH3 9NA,55.942271,-3.203786,S01008664,Tollcross - 06
EH3 9NB,55.942035,-3.204066,S01008665,Tollcross - 07
EH3 9ND,55.941891,-3.204959,S01008665,Tollcross - 07
EH3 9NE,55.941672,-3.204455,S01008638,Bruntsfield - 01
EH3 9NF,55.941300,-3.204764,S01008638,Bruntsfield - 01
EH3 9NG,55.941452,-3.205745,S01008638,Bruntsfield - 01
EH3 9NH,55.941016,-3.207141,S01008638,Bruntsfield - 01
EH3 9NJ,55.940911,-3.207842,S01008638,Bruntsfield - 01
EH3 9NL,55.940468,-3.208116,S01008639,Bruntsfield - 02
EH3 9NN,55.940193,-3.207772,S01008639,Bruntsfield - 02
EH3 9NP,55.940549,-3.209031,S01008638,Bruntsfield - 01
EH3 9NQ,55.941659,-3.206712,S01008665,Tollcross - 07
EH3 9NT,55.941135,-3.207897,S01008638,Bruntsfield - 01
EH3 9NU,55.940770,-3.209342,S01008638,Bruntsfield - 01
EH3 9NW,55.940219,-3.208701,S01008639,Bruntsfield - 02
EH3 9NX,55.941120,-3.209401,S01008665,Tollcross - 07
EH3 9NY,55.941643,-3.209210,S01008665,Tollcross - 07
EH3 9PD,55.941038,-3.210407,S01008639,Bruntsfield - 02
EH3 9PE,55.943250,-3.210252,S01008651,Dalry and Fountainbridge - 01
EH3 9PF,55.940466,-3.211030,S01008639,Bruntsfield - 02
EH3 9PG,55.940000,-3.211880,S01008639,Bruntsfield - 02
EH3 9PH,55.940271,-3.212593,S01008639,Bruntsfield - 02
EH3 9PJ,55.939883,-3.212773,S01008644,Bruntsfield - 07
EH3 9PL,55.939327,-3.213572,S01008644,Bruntsfield - 07
EH3 9PN,55.938632,-3.213870,S01008644,Bruntsfield - 07
EH3 9PP,55.939900,-3.211076,S01008639,Bruntsfield - 02
EH3 9PQ,55.940023,-3.212233,S01008639,Bruntsfield - 02
EH3 9PT,55.944813,-3.205674,S01008659,Tollcross - 01
EH3 9PU,55.944400,-3.205677,S01008663,Tollcross - 05
EH3 9PW,55.939255,-3.212673,S01008643,Bruntsfield - 06
EH3 9PX,55.944072,-3.206115,S01008665,Tollcross - 07
EH3 9PY,55.944301,-3.206619,S01008659,Tollcross - 01
EH3 9QA,55.943786,-3.207803,S01008659,Tollcross - 01
EH3 9QB,55.942844,-3.208591,S01008651,Dalry and Fountainbridge - 01
EH3 9QD,55.942602,-3.208519,S01008651,Dalry and Fountainbridge - 01
EH3 9QF,55.944050,-3.207491,S01008659,Tollcross - 01
EH3 9QG,55.943501,-3.207554,S01008665,Tollcross - 07
EH3 9QH,55.943368,-3.204652,S01008665,Tollcross - 07
EH3 9QJ,55.942939,-3.204383,S01008665,Tollcross - 07
EH3 9QL,55.942880,-3.204973,S01008665,Tollcross - 07
EH3 9QN,55.942662,-3.206135,S01008665,Tollcross - 07
EH3 9QP,55.941812,-3.208510,S01008665,Tollcross - 07
EH3 9QQ,55.943998,-3.206401,S01008665,Tollcross - 07
EH3 9QS,55.942554,-3.205235,S01008665,Tollcross - 07
EH3 9QT,55.942371,-3.204621,S01008665,Tollcross - 07
EH3 9QU,55.940724,-3.212223,S01008639,Bruntsfield - 02
EH3 9QW,55.942391,-3.207104,S01008665,Tollcross - 07
EH3 9QX,55.942431,-3.203967,S01008665,Tollcross - 07
EH3 9QY,55.942670,-3.204310,S01008665,Tollcross - 07
EH3 9RA,55.942103,-3.207159,S01008665,Tollcross - 07
EH3 9RB,55.942190,-3.205624,S01008665,Tollcross - 07
EH3 9RD,55.942070,-3.207782,S01008665,Tollcross - 07
EH3 9RF,55.941910,-3.207617,S01008665,Tollcross - 07
EH3 9RH,55.942128,-3.206503,S01008665,Tollcross - 07
EH3 9RN,55.941624,-3.208440,S01008665,Tollcross - 07
EH3 9RP,55.944349,-3.202665,S01008662,Tollcross - 04
EH3 9RQ,55.941692,-3.207930,S01008665,Tollcross - 07
EH3 9RU,55.942322,-3.212369,S01008651,Dalry and Fountainbridge - 01
EH3 9RX,55.942719,-3.212141,S01008658,Dalry and Fountainbridge - 08
EH3 9SR,55.947059,-3.207617,S01008659,Tollcross - 01
EH3 9SU,55.946701,-3.206485,S01008660,Tollcross - 02
EH3 9WJ,55.947586,-3.206945,S01008660,Tollcross - 02
EH3 9XQ,55.943214,-3.232955,S01008874,Deans Village - 07
EH6 4AA,55.977163,-3.181217,S01008776,North Leith and Newhaven - 05
EH6 4AD,55.975127,-3.179889,S01008789,Great Junction Street - 05
EH6 4AE,55.975271,-3.180790,S01008776,North Leith and Newhaven - 05
EH6 4AF,55.975013,-3.180526,S01008820,Bonnington - 04
EH6 4AG,55.974820,-3.180104,S01008820,Bonnington - 04
EH6 4AH,55.975047,-3.182642,S01008820,Bonnington - 04
EH6 4AJ,55.975563,-3.182241,S01008776,North Leith and Newhaven - 05
EH6 4AL,55.975764,-3.181831,S01008776,North Leith and Newhaven - 05
EH6 4AN,55.975444,-3.183376,S01008775,North Leith and Newhaven - 04
EH6 4AP,55.976305,-3.181719,S01008776,North Leith and Newhaven - 05
EH6 4AQ,55.974710,-3.182151,S01008820,Bonnington - 04
EH6 4AR,55.976702,-3.180594,S01008776,North Leith and Newhaven - 05
EH6 4AS,55.977071,-3.180541,S01008776,North Leith and Newhaven - 05
EH6 4AT,55.976582,-3.181872,S01008776,North Leith and Newhaven - 05
EH6 4AU,55.976528,-3.182768,S01008775,North Leith and Newhaven - 04
EH6 4AW,55.975694,-3.183575,S01008775,North Leith and Newhaven - 04
EH6 4AX,55.976459,-3.183407,S01008775,North Leith and Newhaven - 04
EH6 4AY,55.975995,-3.183969,S01008775,North Leith and Newhaven - 04
EH6 4AZ,55.976861,-3.182778,S01008775,North Leith and Newhaven - 04
EH6 4BA,55.977042,-3.183505,S01008775,North Leith and Newhaven - 04
EH6 4BB,55.977234,-3.182244,S01008774,North Leith and Newhaven - 03
EH6 4BE,55.977817,-3.182342,S01008774,North Leith and Newhaven - 03
EH6 4BG,55.977821,-3.182919,S01008774,North Leith and Newhaven - 03
EH6 4BH,55.972710,-3.191063,S01008819,Bonnington - 03
EH6 4BJ,55.971989,-3.190416,S01008819,Bonnington - 03
EH6 4BL,55.972617,-3.190499,S01008819,Bonnington - 03
EH6 4BN,55.972278,-3.189335,S01008819,Bonnington - 03
EH6 4BP,55.973297,-3.188950,S01008819,Bonnington - 03
EH6 4BR,55.973545,-3.188413,S01008820,Bonnington - 04
EH6 4BS,55.972788,-3.187669,S01008819,Bonnington - 03
EH6 4BT,55.972729,-3.188244,S01008819,Bonnington - 03
EH6 4BU,55.972944,-3.187337,S01008820,Bonnington - 04
EH6 4BW,55.972603,-3.189153,S01008819,Bonnington - 03
EH6 4BX,55.973227,-3.187794,S01008820,Bonnington - 04
EH6 4BY,55.973288,-3.187043,S01008817,Bonnington - 01
EH6 4BZ,55.973467,-3.186231,S01008820,Bonnington - 04
EH6 4DA,55.973032,-3.186555,S01008817,Bonnington - 01
EH6 4DB,55.973184,-3.185758,S01008817,Bonnington - 01
EH6 4DD,55.973338,-3.184641,S01008817,Bonnington - 01
EH6 4DE,55.973698,-3.184652,S01008820,Bonnington - 04
EH6 4DF,55.974095,-3.185369,S01008820,Bonnington - 04
EH6 4DG,55.973713,-3.185854,S01008820,Bonnington - 04
EH6 4DH,55.974106,-3.186139,S01008820,Bonnington - 04
EH6 4DJ,55.974075,-3.184648,S01008820,Bonnington - 04
EH6 4DL,55.974155,-3.182840,S01008820,Bonnington - 04
EH6 4DN,55.974328,-3.183598,S01008820,Bonnington - 04
EH6 4DQ,55.973659,-3.186798,S01008820,Bonnington - 04
EH6 4DR,55.978921,-3.186222,S01008774,North Leith and Newhaven - 03
EH6 4DS,55.978883,-3.185548,S01008774,North Leith and Newhaven - 03
EH6 4DT,55.978900,-3.184651,S01008774,North Leith and Newhaven - 03
EH6 4DU,55.978785,-3.184439,S01008774,North Leith and Newhaven - 03
EH6 4DZ,55.973538,-3.185368,S01008820,Bonnington - 04
EH6 4EA,55.976725,-3.184681,S01008774,North Leith and Newhaven - 03
EH6 4EB,55.978915,-3.185885,S01008774,North Leith and Newhaven - 03
EH6 4ED,55.978461,-3.185519,S01008774,North Leith and Newhaven - 03
EH6 4EE,55.976647,-3.184470,S01008774,North Leith and Newhaven - 03
EH6 4EF,55.977359,-3.184235,S01008775,North Leith and Newhaven - 04
EH6 4EG,55.978530,-3.182973,S01008774,North Leith and Newhaven - 03
EH6 4EH,55.978209,-3.183652,S01008774,North Leith and Newhaven - 03
EH6 4EP,55.978751,-3.183300,S01008774,North Leith and Newhaven - 03
EH6 4EQ,55.977491,-3.184448,S01008774,North Leith and Newhaven - 03
EH6 4ER,55.979387,-3.183512,S01008774,North Leith and Newhaven - 03
EH6 4ET,55.974352,-3.184800,S01008820,Bonnington - 04
EH6 4EX,55.975118,-3.183686,S01008775,North Leith and Newhaven - 04
EH6 4EY,55.975004,-3.184324,S01008775,North Leith and Newhaven - 04
EH6 4EZ,55.975163,-3.185466,S01008821,Trinity East and The Dudleys - 01
EH6 4HA,55.975267,-3.185021,S01008821,Trinity East and The Dudleys - 01
EH6 4HB,55.975502,-3.184852,S01008775,North Leith and Newhaven - 04
EH6 4HD,55.976293,-3.184764,S01008774,North Leith and Newhaven - 03
EH6 4HE,55.975468,-3.185540,S01008775,North Leith and Newhaven - 04
EH6 4HF,55.976435,-3.185938,S01008775,North Leith and Newhaven - 04
EH6 4HG,55.977121,-3.187465,S01008775,North Leith and Newhaven - 04
EH6 4HH,55.977792,-3.187710,S01008774,North Leith and Newhaven - 03
EH6 4HJ,55.978670,-3.187048,S01008774,North Leith and Newhaven - 03
EH6 4HL,55.978820,-3.186491,S01008774,North Leith and Newhaven - 03
EH6 4HN,55.978397,-3.186543,S01008774,North Leith and Newhaven - 03
EH6 4HQ,55.977334,-3.186847,S01008775,North Leith and Newhaven - 04
EH6 4HU,55.978129,-3.185429,S01008774,North Leith and Newhaven - 03
EH6 4HW,55.977501,-3.186243,S01008774,North Leith and Newhaven - 03
EH6 4HY,55.980348,-3.192932,S01008773,North Leith and Newhaven - 02
EH6 4HZ,55.980480,-3.193209,S01008773,North Leith and Newhaven - 02
EH6 4JA,55.980048,-3.192298,S01008772,North Leith and Newhaven - 01
EH6 4JB,55.979432,-3.191879,S01008772,North Leith and Newhaven - 01
EH6 4JD,55.979498,-3.190695,S01008773,North Leith and Newhaven - 02
EH6 4JE,55.979674,-3.191101,S01008772,North Leith and Newhaven - 01
EH6 4JF,55.979733,-3.189612,S01008773,North Leith and Newhaven - 02
EH6 4JG,55.979599,-3.187685,S01008773,North Leith and Newhaven - 02
EH6 4JH,55.979648,-3.188167,S01008773,North Leith and Newhaven - 02
EH6 4JJ,55.979551,-3.189799,S01008773,North Leith and Newhaven - 02
EH6 4JL,55.979165,-3.188922,S01008773,North Leith and Newhaven - 02
EH6 4JN,55.979032,-3.189639,S01008773,North Leith and Newhaven - 02
EH6 4JP,55.978962,-3.192185,S01008773,North Leith and Newhaven - 02
EH6 4JQ,55.979416,-3.188016,S01008773,North Leith and Newhaven - 02
EH6 4JR,55.979248,-3.192354,S01008772,North Leith and Newhaven - 01
EH6 4JS,55.978714,-3.191873,S01008773,North Leith and Newhaven - 02
EH6 4JT,55.978550,-3.192044,S01008773,North Leith and Newhaven - 02
EH6 4JW,55.978888,-3.190564,S01008773,North Leith and Newhaven - 02
EH6 4JX,55.978634,-3.192687,S01008822,Trinity East and The Dudleys - 02
EH6 4JY,55.978755,-3.193188,S01008772,North Leith and Newhaven - 01
EH6 4LA,55.978755,-3.195976,S01008772,North Leith and Newhaven - 01
EH6 4LB,55.978975,-3.195550,S01008772,North Leith and Newhaven - 01
EH6 4LD,55.979457,-3.195854,S01008772,North Leith and Newhaven - 01
EH6 4LE,55.979169,-3.194947,S01008772,North Leith and Newhaven - 01
EH6 4LF,55.979422,-3.193930,S01008772,North Leith and Newhaven - 01
EH6 4LG,55.979171,-3.193858,S01008772,North Leith and Newhaven - 01
EH6 4LH,55.979683,-3.192944,S01008772,North Leith and Newhaven - 01
EH6 4LJ,55.980119,-3.193310,S01008772,North Leith and Newhaven - 01
EH6 4LL,55.980100,-3.195329,S01008772,North Leith and Newhaven - 01
EH6 4LN,55.980431,-3.194586,S01008773,North Leith and Newhaven - 02
EH6 4LP,55.980654,-3.195634,S01008773,North Leith and Newhaven - 02
EH6 4LQ,55.979895,-3.193335,S01008772,North Leith and Newhaven - 01
EH6 4LR,55.977972,-3.197058,S01008824,Trinity East and The Dudleys - 04
EH6 4LS,55.980548,-3.195471,S01008773,North Leith and Newhaven - 02
EH6 4LT,55.980541,-3.195278,S01008773,North Leith and Newhaven - 02
EH6 4LW,55.980552,-3.195086,S01008773,North Leith and Newhaven - 02
EH6 4LY,55.980538,-3.193740,S01008773,North Leith and Newhaven - 02
EH6 4LZ,55.979894,-3.196188,S01008772,North Leith and Newhaven - 01
EH6 4NA,55.980215,-3.194563,S01008772,North Leith and Newhaven - 01
EH6 4NB,55.980212,-3.195861,S01008772,North Leith and Newhaven - 01
EH6 4ND,55.979791,-3.197483,S01008772,North Leith and Newhaven - 01
EH6 4NE,55.980144,-3.198215,S01008773,North Leith and Newhaven - 02
EH6 4NG,55.973961,-3.192800,S01008823,Trinity East and The Dudleys - 03
EH6 4NH,55.979815,-3.194166,S01008772,North Leith and Newhaven - 01
EH6 4NJ,55.974047,-3.186650,S01008820,Bonnington - 04
EH6 4NL,55.973863,-3.187974,S01008820,Bonnington - 04
EH6 4NN,55.973388,-3.190651,S01008819,Bonnington - 03
EH6 4NP,55.974277,-3.189797,S01008823,Trinity East and The Dudleys - 03
EH6 4NQ,55.980162,-3.197222,S01008773,North Leith and Newhaven - 02
EH6 4NR,55.975015,-3.189724,S01008823,Trinity East and The Dudleys - 03
EH6 4NS,55.974163,-3.188608,S01008823,Trinity East and The Dudleys - 03
EH6 4NT,55.974906,-3.188839,S01008821,Trinity East and The Dudleys - 01
EH6 4NU,55.974958,-3.188168,S01008821,Trinity East and The Dudleys - 01
EH6 4NW,55.973940,-3.190284,S01008823,Trinity East and The Dudleys - 03
EH6 4NX,55.974395,-3.186933,S01008821,Trinity East and The Dudleys - 01
EH6 4NY,55.974938,-3.187446,S01008821,Trinity East and The Dudleys - 01
EH6 4NZ,55.975566,-3.187530,S01008821,Trinity East and The Dudleys - 01
EH6 4PA,55.975953,-3.189272,S01008821,Trinity East and The Dudleys - 01
EH6 4PB,55.975343,-3.190103,S01008822,Trinity East and The Dudleys - 02
EH6 4PG,55.974649,-3.184777,S01008775,North Leith and Newhaven - 04
EH6 4PH,55.974727,-3.186046,S01008821,Trinity East and The Dudleys - 01
EH6 4PJ,55.974794,-3.185615,S01008775,North Leith and Newhaven - 04
EH6 4PL,55.975888,-3.186786,S01008821,Trinity East and The Dudleys - 01
EH6 4PN,55.975739,-3.187230,S01008821,Trinity East and The Dudleys - 01
EH6 4PP,55.977362,-3.188530,S01008822,Trinity East and The Dudleys - 02
EH6 4PQ,55.974486,-3.185830,S01008821,Trinity East and The Dudleys - 01
EH6 4PR,55.976829,-3.188818,S01008822,Trinity East and The Dudleys - 02
EH6 4PS,55.976534,-3.188713,S01008821,Trinity East and The Dudleys - 01
EH6 4PT,55.976282,-3.189715,S01008822,Trinity East and The Dudleys - 02
EH6 4PU,55.976567,-3.189900,S01008822,Trinity East and The Dudleys - 02
EH6 4PW,55.977321,-3.189042,S01008822,Trinity East and The Dudleys - 02
EH6 4PX,55.976342,-3.190886,S01008822,Trinity East and The Dudleys - 02
EH6 4PY,55.976075,-3.190638,S01008822,Trinity East and The Dudleys - 02
EH6 4PZ,55.975775,-3.190981,S01008822,Trinity East and The Dudleys - 02
EH6 4QA,55.976033,-3.193088,S01008822,Trinity East and The Dudleys - 02
EH6 4QB,55.976649,-3.191713,S01008822,Trinity East and The Dudleys - 02
EH6 4QD,55.977880,-3.193514,S01008822,Trinity East and The Dudleys - 02
EH6 4QE,55.978067,-3.192814,S01008822,Trinity East and The Dudleys - 02
EH6 4QF,55.977609,-3.191855,S01008822,Trinity East and The Dudleys - 02
EH6 4QG,55.977311,-3.191990,S01008822,Trinity East and The Dudleys - 02
EH6 4QH,55.977028,-3.190619,S01008822,Trinity East and The Dudleys - 02
EH6 4QJ,55.977718,-3.190736,S01008822,Trinity East and The Dudleys - 02
EH6 4QL,55.977783,-3.189633,S01008822,Trinity East and The Dudleys - 02
EH6 4QN,55.977435,-3.190263,S01008822,Trinity East and The Dudleys - 02
EH6 4QP,55.977167,-3.190158,S01008822,Trinity East and The Dudleys - 02
EH6 4QQ,55.976978,-3.191130,S01008822,Trinity East and The Dudleys - 02
EH6 4QR,55.974029,-3.194068,S01008823,Trinity East and The Dudleys - 03
EH6 4QT,55.972602,-3.192021,S01008819,Bonnington - 03
EH6 4QU,55.972708,-3.192217,S01008819,Bonnington - 03
EH6 4QW,55.977254,-3.189504,S01008822,Trinity East and The Dudleys - 02
EH6 4QX,55.972325,-3.191868,S01008818,Bonnington - 02
EH6 4QY,55.971711,-3.193115,S01008835,"Inverleith, Goldenacre and Warriston - 04"
EH6 4RA,55.978411,-3.187889,S01008773,North Leith and Newhaven - 02
EH6 4RB,55.973556,-3.193797,S01008823,Trinity East and The Dudleys - 03
EH6 4RD,55.973322,-3.194703,S01008823,Trinity East and The Dudleys - 03
EH6 4RE,55.973365,-3.195858,S01008823,Trinity East and The Dudleys - 03
EH6 4RF,55.973973,-3.197079,S01008823,Trinity East and The Dudleys - 03
EH6 4RG,55.974457,-3.196308,S01008823,Trinity East and The Dudleys - 03
EH6 4RH,55.974480,-3.197591,S01008823,Trinity East and The Dudleys - 03
EH6 4RJ,55.974844,-3.198019,S01008824,Trinity East and The Dudleys - 04
EH6 4RL,55.975064,-3.196648,S01008824,Trinity East and The Dudleys - 04
EH6 4RN,55.970819,-3.192431,S01008835,"Inverleith, Goldenacre and Warriston - 04"
EH6 4RP,55.976009,-3.195571,S01008823,Trinity East and The Dudleys - 03
EH6 4RQ,55.971714,-3.191946,S01008818,Bonnington - 02
EH6 4RR,55.976847,-3.196286,S01008824,Trinity East and The Dudleys - 04
EH6 4RT,55.976747,-3.194584,S01008824,Trinity East and The Dudleys - 04
EH6 4RU,55.976774,-3.197293,S01008824,Trinity East and The Dudleys - 04
EH6 4RW,55.975856,-3.195614,S01008823,Trinity East and The Dudleys - 03
EH6 4RX,55.976806,-3.197759,S01008824,Trinity East and The Dudleys - 04
EH6 4RY,55.977055,-3.198039,S01008824,Trinity East and The Dudleys - 04
EH6 4RZ,55.976731,-3.199023,S01008824,Trinity East and The Dudleys - 04
EH6 4SA,55.977213,-3.197483,S01008824,Trinity East and The Dudleys - 04
EH6 4SB,55.977235,-3.196138,S01008824,Trinity East and The Dudleys - 04
EH6 4SD,55.977617,-3.196550,S01008824,Trinity East and The Dudleys - 04
EH6 4SE,55.977968,-3.194702,S01008822,Trinity East and The Dudleys - 02
EH6 4SG,55.978256,-3.195480,S01008772,North Leith and Newhaven - 01
EH6 4SH,55.978973,-3.193884,S01008772,North Leith and Newhaven - 01
EH6 4SJ,55.978498,-3.193725,S01008822,Trinity East and The Dudleys - 02
EH6 4SL,55.976174,-3.198925,S01008824,Trinity East and The Dudleys - 04
EH6 4SN,55.978428,-3.195421,S01008772,North Leith and Newhaven - 01
EH6 4SP,55.973052,-3.192916,S01008819,Bonnington - 03
EH6 4SQ,55.978806,-3.194423,S01008772,North Leith and Newhaven - 01
EH6 4SR,55.972932,-3.194146,S01008819,Bonnington - 03
EH6 4SS,55.972919,-3.194546,S01008819,Bonnington - 03
EH6 4ST,55.972755,-3.195727,S01008819,Bonnington - 03
EH6 4SU,55.972653,-3.196060,S01008819,Bonnington - 03
EH6 4SW,55.977606,-3.195893,S01008822,Trinity East and The Dudleys - 02
EH6 4SX,55.977871,-3.181366,S01008777,North Leith and Newhaven - 06
EH6 4SY,55.978314,-3.189505,S01008773,North Leith and Newhaven - 02
EH6 4SZ,55.977503,-3.181355,S01008776,North Leith and Newhaven - 05
EH6 4TA,55.980410,-3.193928,S01008772,North Leith and Newhaven - 01
EH6 4TB,55.980547,-3.194621,S01008773,North Leith and Newhaven - 02
EH6 4TD,55.980409,-3.196829,S01008773,North Leith and Newhaven - 02
EH6 4TE,55.980428,-3.195772,S01008773,North Leith and Newhaven - 02
EH6 4TF,55.979830,-3.195352,S01008772,North Leith and Newhaven - 01
EH6 4TG,55.982756,-3.193872,S01008771,Western Harbour and Leith Docks - 04
EH6 4TH,55.975823,-3.197216,S01008824,Trinity East and The Dudleys - 04
EH6 4TJ,55.975051,-3.198939,S01008824,Trinity East and The Dudleys - 04
EH6 4TL,55.975412,-3.197876,S01008824,Trinity East and The Dudleys - 04
EH6 4TN,55.982961,-3.193093,S01008771,Western Harbour and Leith Docks - 04
EH6 4TP,55.981743,-3.193568,S01008771,Western Harbour and Leith Docks - 04
EH6 4TQ,55.982507,-3.192662,S01008771,Western Harbour and Leith Docks - 04
EH6 4TR,55.982383,-3.193380,S01008771,Western Harbour and Leith Docks - 04
EH6 4TT,55.981374,-3.192724,S01008771,Western Harbour and Leith Docks - 04
EH6 4TU,55.980955,-3.192422,S01008773,North Leith and Newhaven - 02
EH6 4TW,55.981103,-3.193773,S01008773,North Leith and Newhaven - 02
EH6 4TX,55.984050,-3.194713,S01008771,Western Harbour and Leith Docks - 04
EH6 4TY,55.981724,-3.192751,S01008771,Western Harbour and Leith Docks - 04
EH6 4TZ,55.980559,-3.193340,S01008773,North Leith and Newhaven - 02
EH6 4UA,55.982135,-3.193004,S01008771,Western Harbour and Leith Docks - 04
EH6 4UB,55.981468,-3.192294,S01008771,Western Harbour and Leith Docks - 04
EH6 4UD,55.980160,-3.189129,S01008769,Western Harbour and Leith Docks - 02
EH6 4UE,55.980859,-3.190224,S01008769,Western Harbour and Leith Docks - 02
EH6 4UF,55.980495,-3.189748,S01008769,Western Harbour and Leith Docks - 02
EH6 4UG,55.981838,-3.193107,S01008771,Western Harbour and Leith Docks - 04
EH6 4UH,55.982172,-3.193838,S01008771,Western Harbour and Leith Docks - 04
EH6 4UJ,55.981894,-3.193749,S01008771,Western Harbour and Leith Docks - 04
EH6 4UL,55.981002,-3.191254,S01008771,Western Harbour and Leith Docks - 04
EH6 4UN,55.981547,-3.191623,S01008771,Western Harbour and Leith Docks - 04
EH6 4UP,55.981228,-3.192030,S01008771,Western Harbour and Leith Docks - 04
EH6 4UQ,55.980748,-3.190621,S01008769,Western Harbour and Leith Docks - 02
EH6 5AA,55.970083,-3.172718,S01008790,Great Junction Street - 06
EH6 5AB,55.966211,-3.184872,S01008842,Broughton South - 03
EH6 5AD,55.968389,-3.175102,S01008791,Great Junction Street - 07
EH6 5AE,55.970553,-3.172443,S01008790,Great Junction Street - 06
EH6 5AF,55.964225,-3.178307,S01008814,Pilrig - 02
EH6 5AG,55.963649,-3.178450,S01008843,Broughton South - 04
EH6 5AH,55.964420,-3.178570,S01008814,Pilrig - 02
EH6 5AJ,55.964333,-3.179208,S01008814,Pilrig - 02
EH6 5AL,55.964865,-3.179961,S01008813,Pilrig - 01
EH6 5AN,55.965131,-3.179408,S01008814,Pilrig - 02
EH6 5AP,55.966163,-3.178671,S01008814,Pilrig - 02
EH6 5AQ,55.963889,-3.178730,S01008814,Pilrig - 02
EH6 5AR,55.965797,-3.180246,S01008815,Pilrig - 03
EH6 5AS,55.965709,-3.180948,S01008813,Pilrig - 01
EH6 5AT,55.965553,-3.183266,S01008842,Broughton South - 03
EH6 5AU,55.965781,-3.181911,S01008813,Pilrig - 01
EH6 5AW,55.965775,-3.178803,S01008814,Pilrig - 02
EH6 5AX,55.966009,-3.183408,S01008842,Broughton South - 03
EH6 5AY,55.966874,-3.182249,S01008842,Broughton South - 03
EH6 5AZ,55.966574,-3.183553,S01008842,Broughton South - 03
EH6 5BA,55.968759,-3.182403,S01008816,Pilrig - 04
EH6 5BB,55.966304,-3.185484,S01008842,Broughton South - 03
EH6 5BE,55.969344,-3.184215,S01008818,Bonnington - 02
EH6 5BF,55.966753,-3.184584,S01008842,Broughton South - 03
EH6 5BG,55.969724,-3.183970,S01008817,Bonnington - 01
EH6 5BH,55.969917,-3.182550,S01008817,Bonnington - 01
EH6 5BJ,55.970655,-3.183342,S01008817,Bonnington - 01
EH6 5BQ,55.968982,-3.183515,S01008816,Pilrig - 04
EH6 5BR,55.964349,-3.177622,S01008814,Pilrig - 02
EH6 5BS,55.967083,-3.187622,S01008842,Broughton South - 03
EH6 5BU,55.965046,-3.177035,S01008814,Pilrig - 02
EH6 5BX,55.965581,-3.176522,S01008814,Pilrig - 02
EH6 5BY,55.965654,-3.176460,S01008814,Pilrig - 02
EH6 5BZ,55.965845,-3.177123,S01008814,Pilrig - 02
EH6 5DA,55.965304,-3.177315,S01008814,Pilrig - 02
EH6 5DB,55.965574,-3.178156,S01008814,Pilrig - 02
EH6 5DD,55.965188,-3.178193,S01008814,Pilrig - 02
EH6 5DE,55.969080,-3.177093,S01008791,Great Junction Street - 07
EH6 5DF,55.965381,-3.178647,S01008814,Pilrig - 02
EH6 5DG,55.966204,-3.177166,S01008814,Pilrig - 02
EH6 5DH,55.966314,-3.178787,S01008814,Pilrig - 02
EH6 5DJ,55.966510,-3.179034,S01008814,Pilrig - 02
EH6 5DL,55.967029,-3.178232,S01008815,Pilrig - 03
EH6 5DN,55.967118,-3.178395,S01008815,Pilrig - 03
EH6 5DP,55.967562,-3.178938,S01008815,Pilrig - 03
EH6 5DQ,55.966577,-3.177626,S01008815,Pilrig - 03
EH6 5DR,55.964993,-3.178811,S01008814,Pilrig - 02
EH6 5DS,55.968666,-3.176215,S01008791,Great Junction Street - 07
EH6 5DT,55.968381,-3.174044,S01008791,Great Junction Street - 07
EH6 5DU,55.967830,-3.175261,S01008791,Great Junction Street - 07
EH6 5DW,55.967616,-3.179852,S01008815,Pilrig - 03
EH6 5DX,55.968739,-3.174231,S01008791,Great Junction Street - 07
EH6 5DY,55.968339,-3.175677,S01008791,Great Junction Street - 07
EH6 5EA,55.967574,-3.174773,S01008791,Great Junction Street - 07
EH6 5EE,55.967126,-3.175608,S01008791,Great Junction Street - 07
EH6 5EF,55.968010,-3.176164,S01008791,Great Junction Street - 07
EH6 5EG,55.967180,-3.175594,S01008791,Great Junction Street - 07
EH6 5EH,55.967065,-3.175382,S01008791,Great Junction Street - 07
EH6 5EL,55.966397,-3.175778,S01008815,Pilrig - 03
EH6 5EP,55.966735,-3.177086,S01008815,Pilrig - 03
EH6 5EQ,55.966814,-3.175374,S01008815,Pilrig - 03
EH6 5ER,55.967116,-3.177578,S01008815,Pilrig - 03
EH6 5ES,55.966951,-3.176083,S01008815,Pilrig - 03
EH6 5ET,55.967078,-3.176872,S01008815,Pilrig - 03
EH6 5EU,55.970412,-3.173048,S01008790,Great Junction Street - 06
EH6 5EW,55.966265,-3.176447,S01008815,Pilrig - 03
EH6 5EX,55.970577,-3.173678,S01008790,Great Junction Street - 06
EH6 5EY,55.970692,-3.172928,S01008790,Great Junction Street - 06
EH6 5EZ,55.970654,-3.174129,S01008790,Great Junction Street - 06
EH6 5FA,55.972265,-3.181372,S01008789,Great Junction Street - 05
EH6 5FB,55.965844,-3.185646,S01008842,Broughton South - 03
EH6 5FD,55.966022,-3.185843,S01008842,Broughton South - 03
EH6 5FE,55.966879,-3.187328,S01008842,Broughton South - 03
EH6 5FF,55.966676,-3.186937,S01008842,Broughton South - 03
EH6 5FG,55.966259,-3.186395,S01008842,Broughton South - 03
EH6 5FH,55.969964,-3.184250,S01008817,Bonnington - 01
EH6 5FJ,55.969996,-3.183690,S01008817,Bonnington - 01
EH6 5FL,55.970217,-3.183168,S01008817,Bonnington - 01
EH6 5FN,55.970489,-3.178177,S01008791,Great Junction Street - 07
EH6 5FP,55.969875,-3.177582,S01008791,Great Junction Street - 07
EH6 5FQ,55.969636,-3.178135,S01008791,Great Junction Street - 07
EH6 5FR,55.972313,-3.181934,S01008817,Bonnington - 01
EH6 5FS,55.973143,-3.183418,S01008817,Bonnington - 01
EH6 5FT,55.973118,-3.184202,S01008817,Bonnington - 01
EH6 5FU,55.972932,-3.184821,S01008817,Bonnington - 01
EH6 5FW,55.968940,-3.174798,S01008791,Great Junction Street - 07
EH6 5FX,55.971147,-3.181770,S01008817,Bonnington - 01
EH6 5FY,55.971300,-3.182624,S01008817,Bonnington - 01
EH6 5FZ,55.971300,-3.182624,S01008817,Bonnington - 01
EH6 5GA,55.971047,-3.184651,S01008817,Bonnington - 01
EH6 5GB,55.970567,-3.184092,S01008817,Bonnington - 01
EH6 5GD,55.970510,-3.183529,S01008817,Bonnington - 01
EH6 5GE,55.971232,-3.182238,S01008817,Bonnington - 01
EH6 5GF,55.971232,-3.182238,S01008817,Bonnington - 01
EH6 5GH,55.970433,-3.181236,S01008817,Bonnington - 01
EH6 5GJ,55.970433,-3.181236,S01008817,Bonnington - 01
EH6 5HA,55.970183,-3.173538,S01008790,Great Junction Street - 06
EH6 5HB,55.969475,-3.173388,S01008790,Great Junction Street - 06
EH6 5HD,55.969337,-3.173688,S01008791,Great Junction Street - 07
EH6 5HE,55.969152,-3.174196,S01008791,Great Junction Street - 07
EH6 5HG,55.970808,-3.175832,S01008790,Great Junction Street - 06
EH6 5HU,55.971295,-3.173748,S01008786,Great Junction Street - 02
EH6 5HW,55.969783,-3.173077,S01008790,Great Junction Street - 06
EH6 5HX,55.970970,-3.173017,S01008786,Great Junction Street - 02
EH6 5HY,55.971336,-3.174198,S01008790,Great Junction Street - 06
EH6 5HZ,55.971581,-3.173933,S01008790,Great Junction Street - 06
EH6 5JA,55.971644,-3.174864,S01008790,Great Junction Street - 06
EH6 5JB,55.972537,-3.175404,S01008790,Great Junction Street - 06
EH6 5JD,55.972776,-3.175795,S01008789,Great Junction Street - 05
EH6 5JF,55.972346,-3.175702,S01008789,Great Junction Street - 05
EH6 5JG,55.971788,-3.175813,S01008789,Great Junction Street - 05
EH6 5JH,55.969994,-3.184811,S01008817,Bonnington - 01
EH6 5JJ,55.971697,-3.181563,S01008816,Pilrig - 04
EH6 5JL,55.971840,-3.177882,S01008789,Great Junction Street - 05
EH6 5JN,55.971518,-3.178593,S01008789,Great Junction Street - 05
EH6 5JP,55.971051,-3.179540,S01008816,Pilrig - 04
EH6 5JQ,55.971471,-3.176941,S01008789,Great Junction Street - 05
EH6 5JR,55.971167,-3.179608,S01008816,Pilrig - 04
EH6 5JT,55.971365,-3.179582,S01008816,Pilrig - 04
EH6 5JU,55.972522,-3.178896,S01008789,Great Junction Street - 05
EH6 5JW,55.971775,-3.180892,S01008816,Pilrig - 04
EH6 5JX,55.972488,-3.177709,S01008789,Great Junction Street - 05
EH6 5JY,55.973428,-3.177177,S01008789,Great Junction Street - 05
EH6 5LA,55.971021,-3.172313,S01008786,Great Junction Street - 02
EH6 5LB,55.971410,-3.173046,S01008786,Great Junction Street - 02
EH6 5LD,55.972358,-3.174405,S01008786,Great Junction Street - 02
EH6 5LG,55.973059,-3.176269,S01008788,Great Junction Street - 04
EH6 5LH,55.973164,-3.175647,S01008788,Great Junction Street - 04
EH6 5LJ,55.973642,-3.176431,S01008788,Great Junction Street - 04
EH6 5LL,55.972012,-3.173994,S01008786,Great Junction Street - 02
EH6 5LP,55.975224,-3.179106,S01008789,Great Junction Street - 05
EH6 5LQ,55.973422,-3.176808,S01008788,Great Junction Street - 04
EH6 5LT,55.974177,-3.178706,S01008789,Great Junction Street - 05
EH6 5LW,55.974706,-3.177889,S01008789,Great Junction Street - 05
EH6 5NA,55.969794,-3.176682,S01008791,Great Junction Street - 07
EH6 5ND,55.970653,-3.177926,S01008791,Great Junction Street - 07
EH6 5NF,55.970951,-3.178704,S01008791,Great Junction Street - 07
EH6 5NG,55.970138,-3.178231,S01008791,Great Junction Street - 07
EH6 5NJ,55.969990,-3.181495,S01008817,Bonnington - 01
EH6 5NP,55.970737,-3.180428,S01008817,Bonnington - 01
EH6 5NQ,55.970322,-3.180640,S01008816,Pilrig - 04
EH6 5NU,55.972791,-3.182654,S01008817,Bonnington - 01
EH6 5NX,55.972122,-3.184957,S01008817,Bonnington - 01
EH6 5NZ,55.969954,-3.180612,S01008816,Pilrig - 04
EH6 5PA,55.969128,-3.185234,S01008818,Bonnington - 02
EH6 5PB,55.972791,-3.182654,S01008817,Bonnington - 01
EH6 5PD,55.969251,-3.185478,S01008818,Bonnington - 02
EH6 5PE,55.973089,-3.181637,S01008789,Great Junction Street - 05
EH6 5PF,55.969340,-3.185592,S01008818,Bonnington - 02
EH6 5PG,55.973002,-3.180385,S01008789,Great Junction Street - 05
EH6 5PH,55.969275,-3.185767,S01008818,Bonnington - 02
EH6 5PJ,55.969129,-3.186051,S01008818,Bonnington - 02
EH6 5PL,55.968865,-3.186411,S01008818,Bonnington - 02
EH6 5PN,55.968971,-3.186575,S01008818,Bonnington - 02
EH6 5PQ,55.972627,-3.181030,S01008789,Great Junction Street - 05
EH6 5PU,55.969329,-3.184855,S01008818,Bonnington - 02
EH6 5PX,55.969671,-3.184834,S01008817,Bonnington - 01
EH6 5PY,55.969980,-3.185340,S01008818,Bonnington - 02
EH6 5QA,55.969845,-3.186361,S01008818,Bonnington - 02
EH6 5QB,55.970774,-3.186870,S01008818,Bonnington - 02
EH6 5QD,55.971001,-3.187566,S01008818,Bonnington - 02
EH6 5QE,55.971331,-3.186919,S01008817,Bonnington - 01
EH6 5QH,55.971974,-3.188205,S01008819,Bonnington - 03
EH6 5QJ,55.972247,-3.187860,S01008819,Bonnington - 03
EH6 5QL,55.972476,-3.187451,S01008819,Bonnington - 03
EH6 5QN,55.972564,-3.186652,S01008817,Bonnington - 01
EH6 5QP,55.971331,-3.186919,S01008817,Bonnington - 01
EH6 5QQ,55.971895,-3.188058,S01008817,Bonnington - 01
EH6 5QR,55.972548,-3.185578,S01008817,Bonnington - 01
EH6 5QS,55.971978,-3.186939,S01008817,Bonnington - 01
EH6 5QU,55.969862,-3.186442,S01008818,Bonnington - 02
EH6 5QW,55.969288,-3.187225,S01008818,Bonnington - 02
EH6 5RF,55.969438,-3.181878,S01008816,Pilrig - 04
EH6 5RL,55.973170,-3.178756,S01008789,Great Junction Street - 05
EH6 5RN,55.973344,-3.178424,S01008789,Great Junction Street - 05
EH6 5RP,55.973457,-3.178844,S01008789,Great Junction Street - 05
EH6 5RQ,55.970252,-3.187927,S01008818,Bonnington - 02
EH6 5RR,55.973960,-3.178828,S01008789,Great Junction Street - 05
EH6 5RS,55.973522,-3.177645,S01008789,Great Junction Street - 05
EH6 5RT,55.972968,-3.178317,S01008789,Great Junction Street - 05
EH6 5RU,55.974014,-3.177900,S01008789,Great Junction Street - 05
EH6 5RW,55.973820,-3.178503,S01008789,Great Junction Street - 05
EH6 5RX,55.972210,-3.176772,S01008789,Great Junction Street - 05
EH6 5RY,55.973777,-3.180120,S01008789,Great Junction Street - 05
EH6 5RZ,55.973306,-3.179561,S01008789,Great Junction Street - 05
EH6 5SD,55.968384,-3.178434,S01008816,Pilrig - 04
EH6 5SE,55.968098,-3.177320,S01008791,Great Junction Street - 07
EH6 5SF,55.967672,-3.177739,S01008791,Great Junction Street - 07
EH6 5SG,55.967623,-3.178170,S01008815,Pilrig - 03
EH6 5TA,55.971192,-3.188229,S01008818,Bonnington - 02
EH6 5TB,55.971532,-3.188399,S01008817,Bonnington - 01
EH6 5TD,55.971188,-3.189638,S01008818,Bonnington - 02
EH6 5TE,55.970591,-3.190069,S01008818,Bonnington - 02
EH6 5TF,55.970717,-3.187237,S01008818,Bonnington - 02
EH6 5TG,55.970004,-3.190323,S01008818,Bonnington - 02
EH6 6AA,55.971052,-3.171930,S01008785,Great Junction Street - 01
EH6 6AD,55.971620,-3.171659,S01008785,Great Junction Street - 01
EH6 6AE,55.970839,-3.171587,S01008785,Great Junction Street - 01
EH6 6AF,55.971357,-3.171058,S01008785,Great Junction Street - 01
EH6 6AH,55.976128,-3.167292,S01008779,The Shore and Constitution Street - 02
EH6 6AJ,55.972484,-3.169650,S01008785,Great Junction Street - 01
EH6 6AL,55.976888,-3.170472,S01008778,The Shore and Constitution Street - 01
EH6 6AN,55.979473,-3.177409,S01008768,Western Harbour and Leith Docks - 01
EH6 6AP,55.980218,-3.176518,S01008768,Western Harbour and Leith Docks - 01
EH6 6AQ,55.970943,-3.171109,S01008785,Great Junction Street - 01
EH6 6AR,55.979967,-3.175501,S01008768,Western Harbour and Leith Docks - 01
EH6 6AS,55.979714,-3.175717,S01008768,Western Harbour and Leith Docks - 01
EH6 6AT,55.973641,-3.168964,S01008783,The Shore and Constitution Street - 06
EH6 6AU,55.979949,-3.174571,S01008768,Western Harbour and Leith Docks - 01
EH6 6AW,55.973312,-3.168553,S01008785,Great Junction Street - 01
EH6 6AX,55.973888,-3.168474,S01008783,The Shore and Constitution Street - 06
EH6 6AY,55.973455,-3.168670,S01008783,The Shore and Constitution Street - 06
EH6 6AZ,55.972797,-3.168906,S01008785,Great Junction Street - 01
EH6 6BA,55.974096,-3.169250,S01008783,The Shore and Constitution Street - 06
EH6 6BE,55.972731,-3.170202,S01008785,Great Junction Street - 01
EH6 6BG,55.972437,-3.170802,S01008785,Great Junction Street - 01
EH6 6BH,55.980276,-3.175109,S01008768,Western Harbour and Leith Docks - 01
EH6 6BJ,55.972190,-3.171339,S01008785,Great Junction Street - 01
EH6 6BP,55.980532,-3.176576,S01008768,Western Harbour and Leith Docks - 01
EH6 6BQ,55.972018,-3.172376,S01008786,Great Junction Street - 02
EH6 6BR,55.980093,-3.177364,S01008768,Western Harbour and Leith Docks - 01
EH6 6BS,55.972015,-3.172712,S01008786,Great Junction Street - 02
EH6 6BT,55.972028,-3.173177,S01008786,Great Junction Street - 02
EH6 6BU,55.972422,-3.174279,S01008786,Great Junction Street - 02
EH6 6BW,55.979600,-3.178182,S01008768,Western Harbour and Leith Docks - 01
EH6 6BX,55.973516,-3.173623,S01008786,Great Junction Street - 02
EH6 6BY,55.973824,-3.173376,S01008786,Great Junction Street - 02
EH6 6BZ,55.972830,-3.172048,S01008786,Great Junction Street - 02
EH6 6DA,55.973624,-3.171639,S01008785,Great Junction Street - 01
EH6 6DB,55.972995,-3.172581,S01008786,Great Junction Street - 02
EH6 6DD,55.972510,-3.172599,S01008786,Great Junction Street - 02
EH6 6DE,55.973252,-3.173006,S01008786,Great Junction Street - 02
EH6 6DF,55.974154,-3.173546,S01008787,Great Junction Street - 03
EH6 6DG,55.974027,-3.173718,S01008787,Great Junction Street - 03
EH6 6DH,55.974154,-3.173546,S01008787,Great Junction Street - 03
EH6 6DJ,55.973879,-3.172224,S01008785,Great Junction Street - 01
EH6 6DL,55.974394,-3.171919,S01008785,Great Junction Street - 01
EH6 6DN,55.974804,-3.171402,S01008785,Great Junction Street - 01
EH6 6DP,55.973897,-3.170397,S01008785,Great Junction Street - 01
EH6 6DQ,55.974027,-3.173734,S01008787,Great Junction Street - 03
EH6 6DR,55.973897,-3.170397,S01008785,Great Junction Street - 01
EH6 6DS,55.973083,-3.170918,S01008785,Great Junction Street - 01
EH6 6DT,55.973858,-3.175412,S01008788,Great Junction Street - 04
EH6 6DU,55.973492,-3.175208,S01008788,Great Junction Street - 04
EH6 6DW,55.974267,-3.171194,S01008785,Great Junction Street - 01
EH6 6DX,55.975210,-3.176895,S01008778,The Shore and Constitution Street - 01
EH6 6DY,55.975326,-3.175969,S01008778,The Shore and Constitution Street - 01
EH6 6EA,55.975747,-3.172328,S01008778,The Shore and Constitution Street - 01
EH6 6EB,55.974458,-3.172770,S01008786,Great Junction Street - 02
EH6 6ED,55.974553,-3.172308,S01008786,Great Junction Street - 02
EH6 6EJ,55.975880,-3.174431,S01008778,The Shore and Constitution Street - 01
EH6 6EL,55.976175,-3.172758,S01008778,The Shore and Constitution Street - 01
EH6 6EP,55.976272,-3.171991,S01008778,The Shore and Constitution Street - 01
EH6 6EQ,55.974567,-3.173574,S01008788,Great Junction Street - 04
EH6 6ER,55.974805,-3.175008,S01008778,The Shore and Constitution Street - 01
EH6 6ES,55.975102,-3.174023,S01008788,Great Junction Street - 04
EH6 6ET,55.976070,-3.174325,S01008778,The Shore and Constitution Street - 01
EH6 6EU,55.975605,-3.172196,S01008778,The Shore and Constitution Street - 01
EH6 6EW,55.975952,-3.173520,S01008778,The Shore and Constitution Street - 01
EH6 6EX,55.975678,-3.173977,S01008778,The Shore and Constitution Street - 01
EH6 6EY,55.976662,-3.173429,S01008778,The Shore and Constitution Street - 01
EH6 6EZ,55.979071,-3.178038,S01008769,Western Harbour and Leith Docks - 02
EH6 6FA,55.978796,-3.178686,S01008769,Western Harbour and Leith Docks - 02
EH6 6FB,55.978461,-3.178900,S01008769,Western Harbour and Leith Docks - 02
EH6 6FD,55.978440,-3.178291,S01008769,Western Harbour and Leith Docks - 02
EH6 6FE,55.978694,-3.178010,S01008769,Western Harbour and Leith Docks - 02
EH6 6FF,55.980292,-3.176296,S01008768,Western Harbour and Leith Docks - 01
EH6 6HB,55.976322,-3.175230,S01008778,The Shore and Constitution Street - 01
EH6 6HD,55.976225,-3.175948,S01008777,North Leith and Newhaven - 06
EH6 6HE,55.975895,-3.176611,S01008777,North Leith and Newhaven - 06
EH6 6HF,55.976035,-3.176103,S01008777,North Leith and Newhaven - 06
EH6 6HG,55.976286,-3.178081,S01008777,North Leith and Newhaven - 06
EH6 6HH,55.976276,-3.177184,S01008777,North Leith and Newhaven - 06
EH6 6HJ,55.975770,-3.178482,S01008777,North Leith and Newhaven - 06
EH6 6HL,55.976317,-3.174813,S01008778,The Shore and Constitution Street - 01
EH6 6HN,55.975855,-3.178949,S01008776,North Leith and Newhaven - 05
EH6 6HP,55.976651,-3.179310,S01008776,North Leith and Newhaven - 05
EH6 6HR,55.976834,-3.179909,S01008776,North Leith and Newhaven - 05
EH6 6HS,55.977263,-3.180162,S01008777,North Leith and Newhaven - 06
EH6 6HT,55.977519,-3.179737,S01008777,North Leith and Newhaven - 06
EH6 6HU,55.976685,-3.174776,S01008778,The Shore and Constitution Street - 01
EH6 6HW,55.975966,-3.179578,S01008776,North Leith and Newhaven - 05
EH6 6HZ,55.986507,-3.190638,S01008770,Western Harbour and Leith Docks - 03
EH6 6JA,55.976387,-3.171178,S01008778,The Shore and Constitution Street - 01
EH6 6JB,55.977938,-3.164975,S01008768,Western Harbour and Leith Docks - 01
EH6 6JD,55.977070,-3.174964,S01008777,North Leith and Newhaven - 06
EH6 6JE,55.977240,-3.175995,S01008777,North Leith and Newhaven - 06
EH6 6JF,55.977350,-3.176751,S01008777,North Leith and Newhaven - 06
EH6 6JG,55.978582,-3.180362,S01008769,Western Harbour and Leith Docks - 02
EH6 6JH,55.980327,-3.173540,S01008768,Western Harbour and Leith Docks - 01
EH6 6JJ,55.980053,-3.179670,S01008769,Western Harbour and Leith Docks - 02
EH6 6JL,55.978766,-3.168621,S01008779,The Shore and Constitution Street - 02
EH6 6JN,55.986084,-3.190721,S01008770,Western Harbour and Leith Docks - 03
EH6 6JP,55.976558,-3.177801,S01008777,North Leith and Newhaven - 06
EH6 6JQ,55.985607,-3.189889,S01008770,Western Harbour and Leith Docks - 03
EH6 6JR,55.976558,-3.177801,S01008777,North Leith and Newhaven - 06
EH6 6JS,55.976195,-3.179072,S01008777,North Leith and Newhaven - 06
EH6 6JT,55.976665,-3.178830,S01008777,North Leith and Newhaven - 06
EH6 6JU,55.977112,-3.179020,S01008777,North Leith and Newhaven - 06
EH6 6JW,55.977138,-3.178219,S01008777,North Leith and Newhaven - 06
EH6 6JX,55.977112,-3.179020,S01008777,North Leith and Newhaven - 06
EH6 6JY,55.977494,-3.179496,S01008777,North Leith and Newhaven - 06
EH6 6JZ,55.977746,-3.180401,S01008777,North Leith and Newhaven - 06
EH6 6LA,55.978012,-3.180746,S01008777,North Leith and Newhaven - 06
EH6 6LB,55.978118,-3.179098,S01008769,Western Harbour and Leith Docks - 02
EH6 6LD,55.985864,-3.189320,S01008770,Western Harbour and Leith Docks - 03
EH6 6LE,55.986194,-3.189554,S01008770,Western Harbour and Leith Docks - 03
EH6 6LF,55.976093,-3.170912,S01008778,The Shore and Constitution Street - 01
EH6 6LG,55.986620,-3.190129,S01008770,Western Harbour and Leith Docks - 03
EH6 6LH,55.976722,-3.170899,S01008778,The Shore and Constitution Street - 01
EH6 6LJ,55.980310,-3.173428,S01008768,Western Harbour and Leith Docks - 01
EH6 6LL,55.980141,-3.173246,S01008768,Western Harbour and Leith Docks - 01
EH6 6LN,55.980327,-3.173540,S01008768,Western Harbour and Leith Docks - 01
EH6 6LP,55.985142,-3.192439,S01008771,Western Harbour and Leith Docks - 04
EH6 6LQ,55.976969,-3.177076,S01008777,North Leith and Newhaven - 06
EH6 6LR,55.984511,-3.192580,S01008771,Western Harbour and Leith Docks - 04
EH6 6LS,55.977400,-3.175215,S01008769,Western Harbour and Leith Docks - 02
EH6 6LT,55.977463,-3.175184,S01008769,Western Harbour and Leith Docks - 02
EH6 6LU,55.977162,-3.171906,S01008778,The Shore and Constitution Street - 01
EH6 6LW,55.980327,-3.173540,S01008768,Western Harbour and Leith Docks - 01
EH6 6LX,55.977070,-3.173073,S01008778,The Shore and Constitution Street - 01
EH6 6LY,55.980310,-3.173428,S01008768,Western Harbour and Leith Docks - 01
EH6 6NA,55.979275,-3.181185,S01008769,Western Harbour and Leith Docks - 02
EH6 6ND,55.978619,-3.181213,S01008769,Western Harbour and Leith Docks - 02
EH6 6NF,55.977785,-3.177213,S01008769,Western Harbour and Leith Docks - 02
EH6 6NG,55.984873,-3.193280,S01008771,Western Harbour and Leith Docks - 04
EH6 6NH,55.979230,-3.182097,S01008769,Western Harbour and Leith Docks - 02
EH6 6NJ,55.979042,-3.180200,S01008769,Western Harbour and Leith Docks - 02
EH6 6NQ,55.979355,-3.180322,S01008769,Western Harbour and Leith Docks - 02
EH6 6NY,55.979007,-3.181048,S01008769,Western Harbour and Leith Docks - 02
EH6 6PA,55.985402,-3.193393,S01008771,Western Harbour and Leith Docks - 04
EH6 6PB,55.986496,-3.188073,S01008770,Western Harbour and Leith Docks - 03
EH6 6PD,55.978323,-3.182085,S01008777,North Leith and Newhaven - 06
EH6 6PF,55.987049,-3.188523,S01008770,Western Harbour and Leith Docks - 03
EH6 6PG,55.987226,-3.188769,S01008770,Western Harbour and Leith Docks - 03
EH6 6PJ,55.977588,-3.178105,S01008777,North Leith and Newhaven - 06
EH6 6PL,55.977219,-3.170674,S01008778,The Shore and Constitution Street - 01
EH6 6PN,55.986239,-3.188658,S01008770,Western Harbour and Leith Docks - 03
EH6 6PP,55.975913,-3.167237,S01008780,The Shore and Constitution Street - 03
EH6 6PQ,55.980659,-3.186804,S01008769,Western Harbour and Leith Docks - 02
EH6 6PR,55.976177,-3.168752,S01008780,The Shore and Constitution Street - 03
EH6 6PS,55.975928,-3.167510,S01008780,The Shore and Constitution Street - 03
EH6 6PT,55.986423,-3.189081,S01008770,Western Harbour and Leith Docks - 03
EH6 6PU,55.975657,-3.166685,S01008780,The Shore and Constitution Street - 03
EH6 6PW,55.975300,-3.167363,S01008780,The Shore and Constitution Street - 03
EH6 6PZ,55.986957,-3.189658,S01008770,Western Harbour and Leith Docks - 03
EH6 6QA,55.978485,-3.170696,S01008778,The Shore and Constitution Street - 01
EH6 6QB,55.977939,-3.171433,S01008778,The Shore and Constitution Street - 01
EH6 6QH,55.976553,-3.167882,S01008779,The Shore and Constitution Street - 02
EH6 6QJ,55.982553,-3.188801,S01008770,Western Harbour and Leith Docks - 03
EH6 6QN,55.976956,-3.169048,S01008778,The Shore and Constitution Street - 01
EH6 6QP,55.977765,-3.179296,S01008777,North Leith and Newhaven - 06
EH6 6QQ,55.978349,-3.173673,S01008768,Western Harbour and Leith Docks - 01
EH6 6QR,55.976918,-3.168261,S01008779,The Shore and Constitution Street - 02
EH6 6QU,55.975801,-3.169542,S01008784,The Shore and Constitution Street - 07
EH6 6QW,55.977522,-3.169033,S01008778,The Shore and Constitution Street - 01
EH6 6QZ,55.975583,-3.169791,S01008784,The Shore and Constitution Street - 07
EH6 6RA,55.975507,-3.170190,S01008778,The Shore and Constitution Street - 01
EH6 6RB,55.975426,-3.170267,S01008778,The Shore and Constitution Street - 01
EH6 6RD,55.975119,-3.170418,S01008784,The Shore and Constitution Street - 07
EH6 6RG,55.974875,-3.172462,S01008788,Great Junction Street - 04
EH6 6RH,55.974910,-3.172495,S01008788,Great Junction Street - 04
EH6 6RP,55.973983,-3.167948,S01008783,The Shore and Constitution Street - 06
EH6 6RR,55.974299,-3.167750,S01008783,The Shore and Constitution Street - 06
EH6 6RS,55.975006,-3.167162,S01008783,The Shore and Constitution Street - 06
EH6 6RY,55.974844,-3.168135,S01008784,The Shore and Constitution Street - 07
EH6 6RZ,55.974810,-3.168839,S01008783,The Shore and Constitution Street - 06
EH6 6SA,55.974346,-3.168552,S01008783,The Shore and Constitution Street - 06
EH6 6SB,55.974503,-3.168958,S01008783,The Shore and Constitution Street - 06
EH6 6SD,55.975287,-3.168805,S01008784,The Shore and Constitution Street - 07
EH6 6SE,55.975305,-3.167828,S01008784,The Shore and Constitution Street - 07
EH6 6SG,55.975635,-3.169040,S01008784,The Shore and Constitution Street - 07
EH6 6SH,55.975822,-3.168292,S01008784,The Shore and Constitution Street - 07
EH6 6SJ,55.975670,-3.168160,S01008784,The Shore and Constitution Street - 07
EH6 6SL,55.975992,-3.169259,S01008778,The Shore and Constitution Street - 01
EH6 6SS,55.975789,-3.168884,S01008778,The Shore and Constitution Street - 01
EH6 6ST,55.975464,-3.169019,S01008784,The Shore and Constitution Street - 07
EH6 6SU,55.974451,-3.169725,S01008784,The Shore and Constitution Street - 07
EH6 6SW,55.974828,-3.170762,S01008784,The Shore and Constitution Street - 07
EH6 6SZ,55.974965,-3.169532,S01008783,The Shore and Constitution Street - 06
EH6 6TG,55.973909,-3.176615,S01008788,Great Junction Street - 04
EH6 6TJ,55.974347,-3.175971,S01008788,Great Junction Street - 04
EH6 6TL,55.974689,-3.176895,S01008788,Great Junction Street - 04
EH6 6TN,55.974126,-3.175580,S01008788,Great Junction Street - 04
EH6 6TQ,55.973476,-3.175865,S01008788,Great Junction Street - 04
EH6 6TR,55.972483,-3.171653,S01008786,Great Junction Street - 02
EH6 6TX,55.977091,-3.177465,S01008777,North Leith and Newhaven - 06
EH6 7AA,55.970594,-3.170907,S01008793,South Leith - 02
EH6 7AB,55.971112,-3.170281,S01008785,Great Junction Street - 01
EH6 7AD,55.971677,-3.169449,S01008785,Great Junction Street - 01
EH6 7AE,55.972956,-3.168190,S01008782,The Shore and Constitution Street - 05
EH6 7AF,55.974160,-3.167249,S01008782,The Shore and Constitution Street - 05
EH6 7AG,55.972106,-3.168821,S01008782,The Shore and Constitution Street - 05
EH6 7AH,55.975589,-3.157677,S01008768,Western Harbour and Leith Docks - 01
EH6 7AJ,55.974482,-3.166521,S01008782,The Shore and Constitution Street - 05
EH6 7AL,55.972690,-3.161164,S01008768,Western Harbour and Leith Docks - 01
EH6 7AN,55.972636,-3.160265,S01008768,Western Harbour and Leith Docks - 01
EH6 7AP,55.972631,-3.160825,S01008768,Western Harbour and Leith Docks - 01
EH6 7AR,55.973844,-3.165493,S01008782,The Shore and Constitution Street - 05
EH6 7AX,55.972622,-3.160809,S01008768,Western Harbour and Leith Docks - 01
EH6 7AZ,55.972520,-3.160165,S01008768,Western Harbour and Leith Docks - 01
EH6 7BA,55.976972,-3.167317,S01008779,The Shore and Constitution Street - 02
EH6 7BD,55.974262,-3.165954,S01008782,The Shore and Constitution Street - 05
EH6 7BE,55.973616,-3.164893,S01008782,The Shore and Constitution Street - 05
EH6 7BF,55.978267,-3.166235,S01008768,Western Harbour and Leith Docks - 01
EH6 7BG,55.974830,-3.166772,S01008782,The Shore and Constitution Street - 05
EH6 7BH,55.974585,-3.165130,S01008780,The Shore and Constitution Street - 03
EH6 7BJ,55.974998,-3.164149,S01008781,The Shore and Constitution Street - 04
EH6 7BL,55.975219,-3.164573,S01008780,The Shore and Constitution Street - 03
EH6 7BN,55.976692,-3.164585,S01008780,The Shore and Constitution Street - 03
EH6 7BP,55.975329,-3.165313,S01008780,The Shore and Constitution Street - 03
EH6 7BQ,55.974561,-3.165755,S01008782,The Shore and Constitution Street - 05
EH6 7BS,55.975954,-3.165716,S01008780,The Shore and Constitution Street - 03
EH6 7BT,55.976282,-3.166175,S01008780,The Shore and Constitution Street - 03
EH6 7BW,55.975303,-3.164271,S01008780,The Shore and Constitution Street - 03
EH6 7BX,55.977167,-3.166650,S01008779,The Shore and Constitution Street - 02
EH6 7BY,55.976992,-3.167078,S01008779,The Shore and Constitution Street - 02
EH6 7BZ,55.978307,-3.168672,S01008779,The Shore and Constitution Street - 02
EH6 7DD,55.972153,-3.155235,S01008768,Western Harbour and Leith Docks - 01
EH6 7DE,55.972231,-3.160365,S01008768,Western Harbour and Leith Docks - 01
EH6 7DG,55.977509,-3.165635,S01008780,The Shore and Constitution Street - 03
EH6 7DJ,55.977969,-3.167315,S01008779,The Shore and Constitution Street - 02
EH6 7DL,55.977635,-3.166600,S01008779,The Shore and Constitution Street - 02
EH6 7DN,55.977115,-3.161665,S01008768,Western Harbour and Leith Docks - 01
EH6 7DP,55.974659,-3.154396,S01008768,Western Harbour and Leith Docks - 01
EH6 7DQ,55.972483,-3.160324,S01008768,Western Harbour and Leith Docks - 01
EH6 7DR,55.984924,-3.173039,S01008768,Western Harbour and Leith Docks - 01
EH6 7DT,55.981011,-3.165932,S01008768,Western Harbour and Leith Docks - 01
EH6 7DW,55.976857,-3.157555,S01008768,Western Harbour and Leith Docks - 01
EH6 7DX,55.979775,-3.169229,S01008768,Western Harbour and Leith Docks - 01
EH6 7DY,55.972966,-3.160499,S01008768,Western Harbour and Leith Docks - 01
EH6 7EB,55.972795,-3.163346,S01008792,South Leith - 01
EH6 7ED,55.972298,-3.168426,S01008782,The Shore and Constitution Street - 05
EH6 7EE,55.970500,-3.170407,S01008792,South Leith - 01
EH6 7EF,55.970424,-3.169924,S01008792,South Leith - 01
EH6 7EG,55.970601,-3.169289,S01008792,South Leith - 01
EH6 7EJ,55.971392,-3.156847,S01008768,Western Harbour and Leith Docks - 01
EH6 7EL,55.972753,-3.166902,S01008782,The Shore and Constitution Street - 05
EH6 7EN,55.971883,-3.167709,S01008782,The Shore and Constitution Street - 05
EH6 7EQ,55.971282,-3.169501,S01008782,The Shore and Constitution Street - 05
EH6 7EU,55.973257,-3.167782,S01008782,The Shore and Constitution Street - 05
EH6 7EX,55.973368,-3.167449,S01008782,The Shore and Constitution Street - 05
EH6 7EY,55.973504,-3.166380,S01008782,The Shore and Constitution Street - 05
EH6 7EZ,55.973169,-3.164655,S01008792,South Leith - 01
EH6 7FA,55.975037,-3.161010,S01008781,The Shore and Constitution Street - 04
EH6 7FB,55.975733,-3.163418,S01008781,The Shore and Constitution Street - 04
EH6 7FD,55.975410,-3.162367,S01008781,The Shore and Constitution Street - 04
EH6 7FE,55.975184,-3.161591,S01008781,The Shore and Constitution Street - 04
EH6 7FF,55.971528,-3.156755,S01008768,Western Harbour and Leith Docks - 01
EH6 7FG,55.972966,-3.160499,S01008768,Western Harbour and Leith Docks - 01
EH6 7FH,55.972966,-3.160499,S01008768,Western Harbour and Leith Docks - 01
EH6 7FJ,55.972597,-3.159639,S01008768,Western Harbour and Leith Docks - 01
EH6 7FL,55.971700,-3.156616,S01008768,Western Harbour and Leith Docks - 01
EH6 7FN,55.971899,-3.156477,S01008768,Western Harbour and Leith Docks - 01
EH6 7FP,55.971850,-3.155963,S01008768,Western Harbour and Leith Docks - 01
EH6 7FQ,55.971632,-3.156133,S01008768,Western Harbour and Leith Docks - 01
EH6 7FR,55.971540,-3.155489,S01008768,Western Harbour and Leith Docks - 01
EH6 7FS,55.971249,-3.154888,S01008768,Western Harbour and Leith Docks - 01
EH6 7FT,55.971439,-3.154765,S01008768,Western Harbour and Leith Docks - 01
EH6 7FU,55.972466,-3.159234,S01008768,Western Harbour and Leith Docks - 01
EH6 7FW,55.971821,-3.157100,S01008768,Western Harbour and Leith Docks - 01
EH6 7FX,55.972016,-3.157394,S01008768,Western Harbour and Leith Docks - 01
EH6 7FY,55.975533,-3.161778,S01008781,The Shore and Constitution Street - 04
EH6 7FZ,55.973975,-3.164984,S01008782,The Shore and Constitution Street - 05
EH6 7GA,55.973423,-3.161570,S01008768,Western Harbour and Leith Docks - 01
EH6 7GB,55.973448,-3.160834,S01008768,Western Harbour and Leith Docks - 01
EH6 7GD,55.972982,-3.159810,S01008768,Western Harbour and Leith Docks - 01
EH6 7GE,55.973094,-3.161192,S01008768,Western Harbour and Leith Docks - 01
EH6 7GF,55.972948,-3.160482,S01008768,Western Harbour and Leith Docks - 01
EH6 7GG,55.973354,-3.160286,S01008768,Western Harbour and Leith Docks - 01
EH6 7HB,55.972229,-3.154837,S01008768,Western Harbour and Leith Docks - 01
EH6 7HD,55.973868,-3.162994,S01008781,The Shore and Constitution Street - 04
EH6 7HF,55.973793,-3.163376,S01008781,The Shore and Constitution Street - 04
EH6 7HG,55.973375,-3.164806,S01008782,The Shore and Constitution Street - 05
EH6 7HH,55.973697,-3.163950,S01008781,The Shore and Constitution Street - 04
EH6 7HJ,55.974093,-3.164827,S01008780,The Shore and Constitution Street - 03
EH6 7HL,55.974404,-3.164244,S01008780,The Shore and Constitution Street - 03
EH6 7HN,55.974174,-3.162025,S01008781,The Shore and Constitution Street - 04
EH6 7HP,55.974859,-3.163664,S01008781,The Shore and Constitution Street - 04
EH6 7HQ,55.973710,-3.162652,S01008781,The Shore and Constitution Street - 04
EH6 7HR,55.975164,-3.163722,S01008781,The Shore and Constitution Street - 04
EH6 7HS,55.973876,-3.162113,S01008781,The Shore and Constitution Street - 04
EH6 7HW,55.974095,-3.163706,S01008781,The Shore and Constitution Street - 04
EH6 7HY,55.974791,-3.163310,S01008781,The Shore and Constitution Street - 04
EH6 7HZ,55.974808,-3.162397,S01008781,The Shore and Constitution Street - 04
EH6 7JB,55.974440,-3.161392,S01008781,The Shore and Constitution Street - 04
EH6 7JE,55.974351,-3.163232,S01008781,The Shore and Constitution Street - 04
EH6 7JG,55.971830,-3.160914,S01008768,Western Harbour and Leith Docks - 01
EH6 7JH,55.972052,-3.162186,S01008792,South Leith - 01
EH6 7JJ,55.972791,-3.161920,S01008768,Western Harbour and Leith Docks - 01
EH6 7JN,55.974769,-3.162780,S01008781,The Shore and Constitution Street - 04
EH6 7JP,55.974586,-3.162102,S01008781,The Shore and Constitution Street - 04
EH6 7JQ,55.971925,-3.161365,S01008768,Western Harbour and Leith Docks - 01
EH6 7JR,55.973675,-3.160600,S01008768,Western Harbour and Leith Docks - 01
EH6 7JS,55.973468,-3.159713,S01008768,Western Harbour and Leith Docks - 01
EH6 7JT,55.974636,-3.160677,S01008768,Western Harbour and Leith Docks - 01
EH6 7JU,55.975580,-3.157677,S01008768,Western Harbour and Leith Docks - 01
EH6 7JW,55.973490,-3.162085,S01008781,The Shore and Constitution Street - 04
EH6 7JY,55.973815,-3.159066,S01008768,Western Harbour and Leith Docks - 01
EH6 7JZ,55.974484,-3.159631,S01008768,Western Harbour and Leith Docks - 01
EH6 7LA,55.972623,-3.155938,S01008768,Western Harbour and Leith Docks - 01
EH6 7LD,55.971139,-3.151295,S01008768,Western Harbour and Leith Docks - 01
EH6 7LE,55.971832,-3.152085,S01008768,Western Harbour and Leith Docks - 01
EH6 7LF,55.969956,-3.147079,S01008768,Western Harbour and Leith Docks - 01
EH6 7LG,55.968027,-3.145836,S01008768,Western Harbour and Leith Docks - 01
EH6 7LH,55.968154,-3.141850,S01008768,Western Harbour and Leith Docks - 01
EH6 7LJ,55.966720,-3.141408,S01008768,Western Harbour and Leith Docks - 01
EH6 7LL,55.973607,-3.159252,S01008768,Western Harbour and Leith Docks - 01
EH6 7LP,55.967011,-3.145902,S01008768,Western Harbour and Leith Docks - 01
EH6 7LQ,55.969226,-3.144365,S01008768,Western Harbour and Leith Docks - 01
EH6 7LS,55.967641,-3.146770,S01008768,Western Harbour and Leith Docks - 01
EH6 7LU,55.969992,-3.144132,S01008768,Western Harbour and Leith Docks - 01
EH6 7LW,55.968280,-3.140813,S01008768,Western Harbour and Leith Docks - 01
EH6 7LX,55.969725,-3.159297,S01008766,Leith (Hermitage and Prospect Bank) - 05
EH6 7LY,55.969758,-3.158673,S01008766,Leith (Hermitage and Prospect Bank) - 05
EH6 7LZ,55.969025,-3.158218,S01008765,Leith (Hermitage and Prospect Bank) - 04
EH6 7NA,55.968595,-3.158077,S01008765,Leith (Hermitage and Prospect Bank) - 04
EH6 7NB,55.968916,-3.157366,S01008765,Leith (Hermitage and Prospect Bank) - 04
EH6 7ND,55.968662,-3.156733,S01008766,Leith (Hermitage and Prospect Bank) - 05
EH6 7NE,55.969355,-3.155632,S01008766,Leith (Hermitage and Prospect Bank) - 05
EH6 7NF,55.969324,-3.155055,S01008766,Leith (Hermitage and Prospect Bank) - 05
EH6 7NG,55.969065,-3.154951,S01008766,Leith (Hermitage and Prospect Bank) - 05
EH6 7NH,55.968649,-3.156140,S01008766,Leith (Hermitage and Prospect Bank) - 05
EH6 7NJ,55.968402,-3.156645,S01008766,Leith (Hermitage and Prospect Bank) - 05
EH6 7NL,55.968216,-3.157249,S01008766,Leith (Hermitage and Prospect Bank) - 05
EH6 7NN,55.968124,-3.155644,S01008766,Leith (Hermitage and Prospect Bank) - 05
EH6 7NP,55.968450,-3.154340,S01008766,Leith (Hermitage and Prospect Bank) - 05
EH6 7NQ,55.968996,-3.155526,S01008766,Leith (Hermitage and Prospect Bank) - 05
EH6 7NR,55.968168,-3.152874,S01008766,Leith (Hermitage and Prospect Bank) - 05
EH6 7NS,55.968100,-3.154297,S01008766,Leith (Hermitage and Prospect Bank) - 05
EH6 7NT,55.967343,-3.155508,S01008766,Leith (Hermitage and Prospect Bank) - 05
EH6 7NU,55.967392,-3.154116,S01008766,Leith (Hermitage and Prospect Bank) - 05
EH6 7NW,55.968721,-3.154220,S01008766,Leith (Hermitage and Prospect Bank) - 05
EH6 7NX,55.967101,-3.156430,S01008766,Leith (Hermitage and Prospect Bank) - 05
EH6 7NY,55.966615,-3.155599,S01008766,Leith (Hermitage and Prospect Bank) - 05
EH6 7PA,55.966830,-3.155669,S01008766,Leith (Hermitage and Prospect Bank) - 05
EH6 7PD,55.966327,-3.156600,S01008762,Leith (Hermitage and Prospect Bank) - 01
EH6 7PH,55.969707,-3.157357,S01008766,Leith (Hermitage and Prospect Bank) - 05
EH6 7PJ,55.969903,-3.153710,S01008766,Leith (Hermitage and Prospect Bank) - 05
EH6 7PL,55.969833,-3.151561,S01008767,Leith (Hermitage and Prospect Bank) - 06
EH6 7PN,55.969525,-3.151904,S01008766,Leith (Hermitage and Prospect Bank) - 05
EH6 7PP,55.968390,-3.152207,S01008766,Leith (Hermitage and Prospect Bank) - 05
EH6 7PR,55.967832,-3.152239,S01008767,Leith (Hermitage and Prospect Bank) - 06
EH6 7PS,55.967386,-3.151905,S01008767,Leith (Hermitage and Prospect Bank) - 06
EH6 7PT,55.967284,-3.153200,S01008766,Leith (Hermitage and Prospect Bank) - 05
EH6 7PU,55.967690,-3.153052,S01008766,Leith (Hermitage and Prospect Bank) - 05
EH6 7PW,55.968870,-3.152702,S01008766,Leith (Hermitage and Prospect Bank) - 05
EH6 7PX,55.966910,-3.152804,S01008766,Leith (Hermitage and Prospect Bank) - 05
EH6 7PY,55.967089,-3.150951,S01008767,Leith (Hermitage and Prospect Bank) - 06
EH6 7PZ,55.967444,-3.151426,S01008767,Leith (Hermitage and Prospect Bank) - 06
EH6 7QA,55.967680,-3.151177,S01008767,Leith (Hermitage and Prospect Bank) - 06
EH6 7QB,55.967614,-3.150614,S01008767,Leith (Hermitage and Prospect Bank) - 06
EH6 7QD,55.968354,-3.151181,S01008767,Leith (Hermitage and Prospect Bank) - 06
EH6 7QE,55.967890,-3.151792,S01008767,Leith (Hermitage and Prospect Bank) - 06
EH6 7QF,55.968665,-3.151559,S01008767,Leith (Hermitage and Prospect Bank) - 06
EH6 7QG,55.968372,-3.150188,S01008767,Leith (Hermitage and Prospect Bank) - 06
EH6 7QH,55.967761,-3.149273,S01008767,Leith (Hermitage and Prospect Bank) - 06
EH6 7QJ,55.967268,-3.150155,S01008767,Leith (Hermitage and Prospect Bank) - 06
EH6 7QL,55.968457,-3.149806,S01008767,Leith (Hermitage and Prospect Bank) - 06
EH6 7QN,55.970003,-3.151614,S01008768,Western Harbour and Leith Docks - 01
EH6 7QP,55.970849,-3.151479,S01008768,Western Harbour and Leith Docks - 01
EH6 7QQ,55.968289,-3.148519,S01008768,Western Harbour and Leith Docks - 01
EH6 7QR,55.971177,-3.155847,S01008768,Western Harbour and Leith Docks - 01
EH6 7QS,55.968143,-3.149717,S01008767,Leith (Hermitage and Prospect Bank) - 06
EH6 7QW,55.970147,-3.151651,S01008768,Western Harbour and Leith Docks - 01
EH6 7RD,55.967411,-3.138608,S01008749,Craigentinny - 03
EH6 7RE,55.972824,-3.157418,S01008768,Western Harbour and Leith Docks - 01
EH6 7RF,55.970978,-3.144417,S01008768,Western Harbour and Leith Docks - 01
EH6 7WW,55.956731,-3.124489,S01008747,Craigentinny - 01
EH6 8AA,55.969322,-3.162985,S01008792,South Leith - 01
EH6 8AB,55.969449,-3.161852,S01008765,Leith (Hermitage and Prospect Bank) - 04
EH6 8AD,55.969557,-3.160910,S01008765,Leith (Hermitage and Prospect Bank) - 04
EH6 8AE,55.968955,-3.166579,S01008792,South Leith - 01
EH6 8AF,55.969118,-3.164549,S01008792,South Leith - 01
EH6 8AG,55.968825,-3.163275,S01008792,South Leith - 01
EH6 8AH,55.968855,-3.162891,S01008792,South Leith - 01
EH6 8AJ,55.969559,-3.160653,S01008765,Leith (Hermitage and Prospect Bank) - 04
EH6 8AL,55.968874,-3.162828,S01008792,South Leith - 01
EH6 8AN,55.968475,-3.162223,S01008792,South Leith - 01
EH6 8AP,55.969056,-3.161600,S01008765,Leith (Hermitage and Prospect Bank) - 04
EH6 8AQ,55.968416,-3.162830,S01008792,South Leith - 01
EH6 8AR,55.968562,-3.161601,S01008792,South Leith - 01
EH6 8AS,55.969056,-3.161600,S01008765,Leith (Hermitage and Prospect Bank) - 04
EH6 8AT,55.968980,-3.161117,S01008765,Leith (Hermitage and Prospect Bank) - 04
EH6 8AW,55.968941,-3.162381,S01008792,South Leith - 01
EH6 8AX,55.968980,-3.161117,S01008765,Leith (Hermitage and Prospect Bank) - 04
EH6 8AY,55.969047,-3.160638,S01008765,Leith (Hermitage and Prospect Bank) - 04
EH6 8AZ,55.969132,-3.160208,S01008765,Leith (Hermitage and Prospect Bank) - 04
EH6 8BA,55.969244,-3.159731,S01008765,Leith (Hermitage and Prospect Bank) - 04
EH6 8BB,55.969321,-3.159236,S01008765,Leith (Hermitage and Prospect Bank) - 04
EH6 8BD,55.968974,-3.158841,S01008765,Leith (Hermitage and Prospect Bank) - 04
EH6 8BE,55.968269,-3.158324,S01008765,Leith (Hermitage and Prospect Bank) - 04
EH6 8BG,55.967950,-3.157866,S01008765,Leith (Hermitage and Prospect Bank) - 04
EH6 8BH,55.967348,-3.157912,S01008766,Leith (Hermitage and Prospect Bank) - 05
EH6 8BJ,55.967880,-3.158601,S01008763,Leith (Hermitage and Prospect Bank) - 02
EH6 8BL,55.968344,-3.158999,S01008765,Leith (Hermitage and Prospect Bank) - 04
EH6 8BN,55.969138,-3.159599,S01008765,Leith (Hermitage and Prospect Bank) - 04
EH6 8BP,55.966839,-3.157512,S01008766,Leith (Hermitage and Prospect Bank) - 05
EH6 8BQ,55.967436,-3.157097,S01008766,Leith (Hermitage and Prospect Bank) - 05
EH6 8BR,55.968345,-3.166465,S01008764,Leith (Hermitage and Prospect Bank) - 03
EH6 8BS,55.966654,-3.164828,S01008764,Leith (Hermitage and Prospect Bank) - 03
EH6 8BT,55.965727,-3.163983,S01008762,Leith (Hermitage and Prospect Bank) - 01
EH6 8BU,55.964712,-3.163023,S01008762,Leith (Hermitage and Prospect Bank) - 01
EH6 8BW,55.969166,-3.164247,S01008792,South Leith - 01
EH6 8BX,55.965039,-3.162649,S01008762,Leith (Hermitage and Prospect Bank) - 01
EH6 8BY,55.965902,-3.163508,S01008763,Leith (Hermitage and Prospect Bank) - 02
EH6 8BZ,55.966340,-3.163793,S01008763,Leith (Hermitage and Prospect Bank) - 02
EH6 8DA,55.966434,-3.163363,S01008763,Leith (Hermitage and Prospect Bank) - 02
EH6 8DB,55.966554,-3.162951,S01008763,Leith (Hermitage and Prospect Bank) - 02
EH6 8DD,55.966667,-3.162489,S01008763,Leith (Hermitage and Prospect Bank) - 02
EH6 8DE,55.966770,-3.162044,S01008763,Leith (Hermitage and Prospect Bank) - 02
EH6 8DF,55.966739,-3.161466,S01008763,Leith (Hermitage and Prospect Bank) - 02
EH6 8DG,55.966931,-3.161135,S01008763,Leith (Hermitage and Prospect Bank) - 02
EH6 8DH,55.967945,-3.165123,S01008764,Leith (Hermitage and Prospect Bank) - 03
EH6 8DJ,55.968129,-3.164600,S01008764,Leith (Hermitage and Prospect Bank) - 03
EH6 8DL,55.968229,-3.165452,S01008792,South Leith - 01
EH6 8DN,55.968396,-3.165890,S01008792,South Leith - 01
EH6 8DP,55.967118,-3.164185,S01008764,Leith (Hermitage and Prospect Bank) - 03
EH6 8DQ,55.966884,-3.164178,S01008764,Leith (Hermitage and Prospect Bank) - 03
EH6 8DR,55.966458,-3.157901,S01008762,Leith (Hermitage and Prospect Bank) - 01
EH6 8DS,55.968497,-3.164707,S01008792,South Leith - 01
EH6 8DT,55.968777,-3.166446,S01008792,South Leith - 01
EH6 8DU,55.965329,-3.160511,S01008762,Leith (Hermitage and Prospect Bank) - 01
EH6 8DW,55.966239,-3.172505,S01008796,South Leith - 05
EH6 8DX,55.965110,-3.159863,S01008762,Leith (Hermitage and Prospect Bank) - 01
EH6 8DY,55.965303,-3.162288,S01008763,Leith (Hermitage and Prospect Bank) - 02
EH6 8EA,55.967893,-3.163888,S01008764,Leith (Hermitage and Prospect Bank) - 03
EH6 8EB,55.967606,-3.163911,S01008764,Leith (Hermitage and Prospect Bank) - 03
EH6 8ED,55.968403,-3.161308,S01008765,Leith (Hermitage and Prospect Bank) - 04
EH6 8EE,55.968110,-3.160882,S01008765,Leith (Hermitage and Prospect Bank) - 04
EH6 8EF,55.967617,-3.162758,S01008764,Leith (Hermitage and Prospect Bank) - 03
EH6 8EG,55.967229,-3.162891,S01008764,Leith (Hermitage and Prospect Bank) - 03
EH6 8EH,55.967660,-3.161974,S01008764,Leith (Hermitage and Prospect Bank) - 03
EH6 8EJ,55.967935,-3.160445,S01008764,Leith (Hermitage and Prospect Bank) - 03
EH6 8EL,55.967713,-3.160134,S01008764,Leith (Hermitage and Prospect Bank) - 03
EH6 8EN,55.967431,-3.160478,S01008763,Leith (Hermitage and Prospect Bank) - 02
EH6 8EP,55.967231,-3.158886,S01008763,Leith (Hermitage and Prospect Bank) - 02
EH6 8EQ,55.967456,-3.161664,S01008764,Leith (Hermitage and Prospect Bank) - 03
EH6 8ER,55.967138,-3.159187,S01008763,Leith (Hermitage and Prospect Bank) - 02
EH6 8ES,55.966972,-3.159679,S01008763,Leith (Hermitage and Prospect Bank) - 02
EH6 8ET,55.966256,-3.159385,S01008762,Leith (Hermitage and Prospect Bank) - 01
EH6 8EU,55.966790,-3.159914,S01008763,Leith (Hermitage and Prospect Bank) - 02
EH6 8EW,55.967659,-3.159171,S01008764,Leith (Hermitage and Prospect Bank) - 03
EH6 8EX,55.966686,-3.160439,S01008763,Leith (Hermitage and Prospect Bank) - 02
EH6 8EY,55.966038,-3.160580,S01008762,Leith (Hermitage and Prospect Bank) - 01
EH6 8EZ,55.965661,-3.160457,S01008762,Leith (Hermitage and Prospect Bank) - 01
EH6 8FA,55.966752,-3.168644,S01008794,South Leith - 03
EH6 8FB,55.966646,-3.168448,S01008794,South Leith - 03
EH6 8FE,55.966495,-3.168284,S01008794,South Leith - 03
EH6 8FF,55.966228,-3.168003,S01008794,South Leith - 03
EH6 8FG,55.966086,-3.167823,S01008794,South Leith - 03
EH6 8FH,55.966768,-3.158407,S01008766,Leith (Hermitage and Prospect Bank) - 05
EH6 8FJ,55.967261,-3.169909,S01008796,South Leith - 05
EH6 8FL,55.963467,-3.174952,S01008803,Leith (Albert Street) - 02
EH6 8FN,55.963520,-3.175034,S01008803,Leith (Albert Street) - 02
EH6 8HA,55.966295,-3.160876,S01008763,Leith (Hermitage and Prospect Bank) - 02
EH6 8HB,55.965846,-3.162833,S01008763,Leith (Hermitage and Prospect Bank) - 02
EH6 8HD,55.965512,-3.162983,S01008763,Leith (Hermitage and Prospect Bank) - 02
EH6 8HG,55.970521,-3.171033,S01008793,South Leith - 02
EH6 8HH,55.970093,-3.169770,S01008792,South Leith - 01
EH6 8HL,55.969595,-3.169210,S01008793,South Leith - 02
EH6 8HN,55.969531,-3.168343,S01008792,South Leith - 01
EH6 8HP,55.970134,-3.169242,S01008792,South Leith - 01
EH6 8HQ,55.970270,-3.171009,S01008793,South Leith - 02
EH6 8HR,55.969136,-3.168395,S01008793,South Leith - 02
EH6 8HT,55.968414,-3.167733,S01008793,South Leith - 02
EH6 8HU,55.968781,-3.167936,S01008793,South Leith - 02
EH6 8HW,55.969446,-3.167876,S01008792,South Leith - 01
EH6 8HX,55.969263,-3.169200,S01008793,South Leith - 02
EH6 8JF,55.967635,-3.169359,S01008794,South Leith - 03
EH6 8JG,55.966849,-3.169848,S01008795,South Leith - 04
EH6 8JJ,55.965405,-3.168555,S01008795,South Leith - 04
EH6 8JL,55.967788,-3.167457,S01008794,South Leith - 03
EH6 8JP,55.966601,-3.169408,S01008795,South Leith - 04
EH6 8JQ,55.967292,-3.166722,S01008794,South Leith - 03
EH6 8JR,55.966032,-3.169679,S01008795,South Leith - 04
EH6 8JS,55.966022,-3.168942,S01008794,South Leith - 03
EH6 8JT,55.965194,-3.170007,S01008795,South Leith - 04
EH6 8JU,55.964716,-3.170120,S01008795,South Leith - 04
EH6 8JW,55.967461,-3.168697,S01008794,South Leith - 03
EH6 8JX,55.964778,-3.168392,S01008795,South Leith - 04
EH6 8JY,55.964981,-3.168751,S01008795,South Leith - 04
EH6 8JZ,55.964039,-3.169507,S01008798,Easter Road and Hawkhill Avenue - 01
EH6 8LA,55.964349,-3.168091,S01008798,Easter Road and Hawkhill Avenue - 01
EH6 8LB,55.963838,-3.166121,S01008798,Easter Road and Hawkhill Avenue - 01
EH6 8LD,55.963915,-3.170320,S01008798,Easter Road and Hawkhill Avenue - 01
EH6 8LE,55.962735,-3.170621,S01008800,Easter Road and Hawkhill Avenue - 03
EH6 8LF,55.962900,-3.171171,S01008798,Easter Road and Hawkhill Avenue - 01
EH6 8LG,55.963829,-3.170894,S01008798,Easter Road and Hawkhill Avenue - 01
EH6 8LH,55.966071,-3.170385,S01008795,South Leith - 04
EH6 8LN,55.970218,-3.171760,S01008793,South Leith - 02
EH6 8LQ,55.965378,-3.170509,S01008795,South Leith - 04
EH6 8LS,55.969675,-3.172177,S01008793,South Leith - 02
EH6 8LU,55.969462,-3.171866,S01008793,South Leith - 02
EH6 8LX,55.969167,-3.172610,S01008796,South Leith - 05
EH6 8LY,55.968713,-3.172180,S01008796,South Leith - 05
EH6 8NA,55.968284,-3.170997,S01008796,South Leith - 05
EH6 8NB,55.967812,-3.169637,S01008794,South Leith - 03
EH6 8NL,55.969051,-3.171629,S01008793,South Leith - 02
EH6 8NN,55.969039,-3.171004,S01008794,South Leith - 03
EH6 8NP,55.968452,-3.173165,S01008796,South Leith - 05
EH6 8NR,55.967582,-3.173988,S01008796,South Leith - 05
EH6 8NT,55.967310,-3.173259,S01008796,South Leith - 05
EH6 8NU,55.967060,-3.173123,S01008796,South Leith - 05
EH6 8NW,55.968694,-3.170401,S01008794,South Leith - 03
EH6 8NX,55.966965,-3.174578,S01008796,South Leith - 05
EH6 8NY,55.966151,-3.175194,S01008797,South Leith - 06
EH6 8NZ,55.965595,-3.174072,S01008797,South Leith - 06
EH6 8PB,55.965541,-3.175079,S01008797,South Leith - 06
EH6 8PD,55.965480,-3.175766,S01008797,South Leith - 06
EH6 8PE,55.966987,-3.172352,S01008796,South Leith - 05
EH6 8PF,55.965221,-3.175662,S01008797,South Leith - 06
EH6 8PG,55.965070,-3.174568,S01008798,Easter Road and Hawkhill Avenue - 01
EH6 8PH,55.965216,-3.173371,S01008797,South Leith - 06
EH6 8PJ,55.965666,-3.173225,S01008797,South Leith - 06
EH6 8PL,55.965582,-3.172646,S01008797,South Leith - 06
EH6 8PN,55.965032,-3.172869,S01008797,South Leith - 06
EH6 8PQ,55.964916,-3.173747,S01008797,South Leith - 06
EH6 8PS,55.967857,-3.170584,S01008794,South Leith - 03
EH6 8PT,55.967809,-3.169957,S01008794,South Leith - 03
EH6 8PU,55.967942,-3.171051,S01008796,South Leith - 05
EH6 8PW,55.964783,-3.172589,S01008797,South Leith - 06
EH6 8PX,55.967666,-3.169921,S01008794,South Leith - 03
EH6 8PY,55.967358,-3.170152,S01008796,South Leith - 05
EH6 8PZ,55.967395,-3.170922,S01008796,South Leith - 05
EH6 8QA,55.967048,-3.170623,S01008796,South Leith - 05
EH6 8QB,55.966632,-3.170867,S01008795,South Leith - 04
EH6 8QD,55.966437,-3.171534,S01008796,South Leith - 05
EH6 8QE,55.966190,-3.171110,S01008795,South Leith - 04
EH6 8QF,55.965850,-3.170875,S01008795,South Leith - 04
EH6 8QG,55.965572,-3.170899,S01008795,South Leith - 04
EH6 8QH,55.965247,-3.171947,S01008797,South Leith - 06
EH6 8QJ,55.965729,-3.172346,S01008797,South Leith - 06
EH6 8QN,55.966542,-3.172787,S01008796,South Leith - 05
EH6 8QP,55.966270,-3.173003,S01008796,South Leith - 05
EH6 8QQ,55.965424,-3.171343,S01008795,South Leith - 04
EH6 8QR,55.965860,-3.173647,S01008797,South Leith - 06
EH6 8QS,55.966158,-3.174441,S01008797,South Leith - 06
EH6 8QT,55.966597,-3.173589,S01008796,South Leith - 05
EH6 8QU,55.966608,-3.174311,S01008796,South Leith - 05
EH6 8QW,55.965972,-3.173234,S01008797,South Leith - 06
EH6 8RA,55.964853,-3.175587,S01008803,Leith (Albert Street) - 02
EH6 8RB,55.964602,-3.175580,S01008803,Leith (Albert Street) - 02
EH6 8RD,55.964148,-3.176046,S01008803,Leith (Albert Street) - 02
EH6 8RE,55.964108,-3.175500,S01008803,Leith (Albert Street) - 02
EH6 8RF,55.964444,-3.175126,S01008803,Leith (Albert Street) - 02
EH6 8RG,55.964582,-3.173897,S01008798,Easter Road and Hawkhill Avenue - 01
EH6 8RH,55.963323,-3.173026,S01008802,Leith (Albert Street) - 01
EH6 8RJ,55.962841,-3.172723,S01008802,Leith (Albert Street) - 01
EH6 8RL,55.962738,-3.172223,S01008802,Leith (Albert Street) - 01
EH6 8RN,55.963071,-3.172089,S01008802,Leith (Albert Street) - 01
EH6 8RP,55.963572,-3.171431,S01008798,Easter Road and Hawkhill Avenue - 01
EH6 8RQ,55.964088,-3.173898,S01008798,Easter Road and Hawkhill Avenue - 01
EH6 8RR,55.963856,-3.171824,S01008798,Easter Road and Hawkhill Avenue - 01
EH6 8RS,55.964273,-3.171405,S01008798,Easter Road and Hawkhill Avenue - 01
EH6 8RT,55.964669,-3.171352,S01008798,Easter Road and Hawkhill Avenue - 01
EH6 8RW,55.963211,-3.171565,S01008798,Easter Road and Hawkhill Avenue - 01
EH6 8SA,55.964684,-3.176415,S01008803,Leith (Albert Street) - 02
EH6 8SD,55.964230,-3.176818,S01008814,Pilrig - 02
EH6 8SE,55.963576,-3.177567,S01008803,Leith (Albert Street) - 02
EH6 8SF,55.963619,-3.176831,S01008803,Leith (Albert Street) - 02
EH6 8SG,55.963963,-3.176553,S01008803,Leith (Albert Street) - 02
EH6 8SH,55.963213,-3.177059,S01008804,Leith (Albert Street) - 03
EH6 8SJ,55.962841,-3.177400,S01008804,Leith (Albert Street) - 03
EH6 8SL,55.962782,-3.176982,S01008803,Leith (Albert Street) - 02
EH6 8SN,55.963194,-3.176210,S01008803,Leith (Albert Street) - 02
EH6 8SP,55.963866,-3.175461,S01008803,Leith (Albert Street) - 02
EH6 8SQ,55.963449,-3.176810,S01008803,Leith (Albert Street) - 02
EH6 8SR,55.963794,-3.174482,S01008803,Leith (Albert Street) - 02
EH6 8SS,55.963076,-3.174460,S01008802,Leith (Albert Street) - 01
EH6 8ST,55.962976,-3.173672,S01008802,Leith (Albert Street) - 01
EH6 8SW,55.963425,-3.174551,S01008803,Leith (Albert Street) - 02
EH6 8SX,55.964143,-3.174669,S01008803,Leith (Albert Street) - 02
EH6 8TA,55.968520,-3.169867,S01008794,South Leith - 03
EH6 8TB,55.968222,-3.169041,S01008794,South Leith - 03
EH6 9AB,55.956731,-3.124489,S01008747,Craigentinny - 01
EH6 9BR,55.956731,-3.124489,S01008747,Craigentinny - 01
